2026-05-26 13:08:30.050,XAUUSDm,USDJPYm,"XAUUSDm - Buy, USDJPYm - Sell",4520.754,159.244,1000.06,1000.03,-0.03,No Flip,0
2026-05-26 13:08:30.102,XAUUSDm,USDJPYm,"XAUUSDm - Buy, USDJPYm - Sell",4520.754,159.244,1000.06,1000.03,-0.03,No Flip,0
2026-05-26 13:08:30.153,XAUUSDm,USDJPYm,"XAUUSDm - Buy, USDJPYm - Sell",4520.754,159.244,1000.06,1000.03,-0.03,No Flip,0
2026-05-26 13:08:30.204,XAUUSDm,USDJPYm,"XAUUSDm - Buy, USDJPYm - Sell",4520.754,159.244,1000.06,1000.03,-0.03,No Flip,0
2026-05-26 13:08:30.255,XAUUSDm,USDJPYm,"XAUUSDm - Buy, USDJPYm - Sell",4520.754,159.244,1000.06,1000.03,-0.03,No Flip,0
2026-05-26 13:08:30.306,XAUUSDm,USDJPYm,"XAUUSDm - Buy, USDJPYm - Sell",4520.754,159.244,1000.06,1000.03,-0.03,No Flip,0
2026-05-26 13:08:30.356,XAUUSDm,USDJPYm,"XAUUSDm - Buy, USDJPYm - Sell",4520.754,159.244,1000.06,1000.03,-0.03,No Flip,0
2026-05-26 13:08:30.407,XAUUSDm,USDJPYm,"XAUUSDm - Buy, USDJPYm - Sell",4520.754,159.244,1000.06,1000.03,-0.03,No Flip,0
2026-05-26 13:08:30.458,XAUUSDm,USDJPYm,"XAUUSDm - Buy, USDJPYm - Sell",4520.754,159.244,1000.06,1000.03,-0.03,No Flip,0
2026-05-26 13:08:30.509,XAUUSDm,USDJPYm,"XAUUSDm - Buy, USDJPYm - Sell",4520.754,159.244,1000.06,1000.03,-0.03,No Flip,0
2026-05-26 13:08:30.560,XAUUSDm,USDJPYm,"XAUUSDm - Buy, USDJPYm - Sell",4520.754,159.244,1000.06,1000.03,-0.03,No Flip,0
2026-05-26 13:08:30.611,XAUUSDm,USDJPYm,"XAUUSDm - Buy, USDJPYm - Sell",4520.754,159.244,1000.06,1000.03,-0.03,No Flip,0
2026-05-26 13:08:30.662,XAUUSDm,USDJPYm,"XAUUSDm - Buy, USDJPYm - Sell",4520.754,159.244,1000.06,1000.03,-0.03,No Flip,0
2026-05-26 13:08:30.712,XAUUSDm,USDJPYm,"XAUUSDm - Buy, USDJPYm - Sell",4520.754,159.244,1000.06,1000.03,-0.03,No Flip,0
2026-05-26 13:08:30.763,XAUUSDm,USDJPYm,"XAUUSDm - Buy, USDJPYm - Sell",4520.754,159.244,1000.06,1000.03,-0.03,No Flip,0
2026-05-26 13:08:30.814,XAUUSDm,USDJPYm,"XAUUSDm - Buy, USDJPYm - Sell",4520.754,159.244,1000.06,1000.03,-0.03,No Flip,0
2026-05-26 13:08:30.865,XAUUSDm,USDJPYm,"XAUUSDm - Buy, USDJPYm - Sell",4520.754,159.244,1000.06,1000.03,-0.03,No Flip,0
2026-05-26 13:08:30.916,XAUUSDm,USDJPYm,"XAUUSDm - Buy, USDJPYm - Sell",4520.754,159.244,1000.06,1000.03,-0.03,No Flip,0
2026-05-26 13:08:30.967,XAUUSDm,USDJPYm,"XAUUSDm - Buy, USDJPYm - Sell",4520.464,159.244,999.99,1000.03,0.03,No Flip,0
2026-05-26 13:08:31.018,XAUUSDm,USDJPYm,"XAUUSDm - Buy, USDJPYm - Sell",4520.464,159.244,999.99,1000.03,0.03,No Flip,0
2026-05-26 13:08:31.068,XAUUSDm,USDJPYm,"XAUUSDm - Buy, USDJPYm - Sell",4520.464,159.244,999.99,1000.03,0.03,No Flip,0
2026-05-26 13:08:31.119,XAUUSDm,USDJPYm,"XAUUSDm - Buy, USDJPYm - Sell",4520.464,159.244,999.99,1000.03,0.03,No Flip,0
2026-05-26 13:08:31.170,XAUUSDm,USDJPYm,"XAUUSDm - Buy, USDJPYm - Sell",4520.464,159.244,999.99,1000.03,0.03,No Flip,0
2026-05-26 13:08:31.221,XAUUSDm,USDJPYm,"XAUUSDm - Buy, USDJPYm - Sell",4520.464,159.244,999.99,1000.03,0.03,No Flip,0
2026-05-26 13:08:31.272,XAUUSDm,USDJPYm,"XAUUSDm - Buy, USDJPYm - Sell",4520.464,159.244,999.99,1000.03,0.03,No Flip,0
2026-05-26 13:08:31.323,XAUUSDm,USDJPYm,"XAUUSDm - Buy, USDJPYm - Sell",4520.464,159.244,999.99,1000.03,0.03,No Flip,0
2026-05-26 13:08:31.376,XAUUSDm,USDJPYm,"XAUUSDm - Buy, USDJPYm - Sell",4520.464,159.244,999.99,1000.03,0.03,No Flip,0
2026-05-26 13:08:31.427,XAUUSDm,USDJPYm,"XAUUSDm - Buy, USDJPYm - Sell",4520.464,159.244,999.99,1000.03,0.03,No Flip,0
2026-05-26 13:08:31.477,XAUUSDm,USDJPYm,"XAUUSDm - Buy, USDJPYm - Sell",4520.464,159.244,999.99,1000.03,0.03,No Flip,0
2026-05-26 13:08:31.529,XAUUSDm,USDJPYm,"XAUUSDm - Buy, USDJPYm - Sell",4520.464,159.244,999.99,1000.03,0.03,No Flip,0
2026-05-26 13:08:31.579,XAUUSDm,USDJPYm,"XAUUSDm - Buy, USDJPYm - Sell",4520.464,159.244,999.99,1000.03,0.03,No Flip,0
2026-05-26 13:08:31.630,XAUUSDm,USDJPYm,"XAUUSDm - Buy, USDJPYm - Sell",4520.464,159.244,999.99,1000.03,0.03,No Flip,0
2026-05-26 13:08:31.681,XAUUSDm,USDJPYm,"XAUUSDm - Buy, USDJPYm - Sell",4520.464,159.244,999.99,1000.03,0.03,No Flip,0
2026-05-26 13:08:31.732,XAUUSDm,USDJPYm,"XAUUSDm - Buy, USDJPYm - Sell",4520.464,159.244,999.99,1000.03,0.03,No Flip,0
2026-05-26 13:08:31.782,XAUUSDm,USDJPYm,"XAUUSDm - Buy, USDJPYm - Sell",4520.464,159.244,999.99,1000.03,0.03,No Flip,0
2026-05-26 13:08:31.833,XAUUSDm,USDJPYm,"XAUUSDm - Buy, USDJPYm - Sell",4520.464,159.244,999.99,1000.03,0.03,No Flip,0
2026-05-26 13:08:31.884,XAUUSDm,USDJPYm,"XAUUSDm - Buy, USDJPYm - Sell",4520.464,159.244,999.99,1000.03,0.03,No Flip,0
2026-05-26 13:08:31.934,XAUUSDm,USDJPYm,"XAUUSDm - Buy, USDJPYm - Sell",4520.464,159.244,999.99,1000.03,0.03,No Flip,0
2026-05-26 13:08:31.985,XAUUSDm,USDJPYm,"XAUUSDm - Buy, USDJPYm - Sell",4520.676,159.244,1000.04,1000.03,-0.01,No Flip,0
2026-05-26 13:08:32.036,XAUUSDm,USDJPYm,"XAUUSDm - Buy, USDJPYm - Sell",4520.676,159.244,1000.04,1000.03,-0.01,No Flip,0
2026-05-26 13:08:32.086,XAUUSDm,USDJPYm,"XAUUSDm - Buy, USDJPYm - Sell",4520.828,159.244,1000.07,1000.03,-0.05,No Flip,0
2026-05-26 13:08:32.137,XAUUSDm,USDJPYm,"XAUUSDm - Buy, USDJPYm - Sell",4520.828,159.244,1000.07,1000.03,-0.05,No Flip,0
2026-05-26 13:08:32.188,XAUUSDm,USDJPYm,"XAUUSDm - Buy, USDJPYm - Sell",4520.828,159.244,1000.07,1000.03,-0.05,No Flip,0
2026-05-26 13:08:32.238,XAUUSDm,USDJPYm,"XAUUSDm - Buy, USDJPYm - Sell",4520.828,159.244,1000.07,1000.03,-0.05,No Flip,0
2026-05-26 13:08:32.289,XAUUSDm,USDJPYm,"XAUUSDm - Buy, USDJPYm - Sell",4520.828,159.244,1000.07,1000.03,-0.05,No Flip,0
2026-05-26 13:08:32.340,XAUUSDm,USDJPYm,"XAUUSDm - Buy, USDJPYm - Sell",4520.828,159.244,1000.07,1000.03,-0.05,No Flip,0
2026-05-26 13:08:32.391,XAUUSDm,USDJPYm,"XAUUSDm - Buy, USDJPYm - Sell",4520.828,159.244,1000.07,1000.03,-0.05,No Flip,0
2026-05-26 13:08:32.441,XAUUSDm,USDJPYm,"XAUUSDm - Buy, USDJPYm - Sell",4520.828,159.244,1000.07,1000.03,-0.05,No Flip,0
2026-05-26 13:08:32.493,XAUUSDm,USDJPYm,"XAUUSDm - Buy, USDJPYm - Sell",4520.828,159.244,1000.07,1000.03,-0.05,No Flip,0
2026-05-26 13:08:32.544,XAUUSDm,USDJPYm,"XAUUSDm - Buy, USDJPYm - Sell",4520.828,159.243,1000.07,1000.02,-0.05,No Flip,0
2026-05-26 13:08:32.594,XAUUSDm,USDJPYm,"XAUUSDm - Buy, USDJPYm - Sell",4520.828,159.243,1000.07,1000.02,-0.05,No Flip,0
2026-05-26 13:08:32.645,XAUUSDm,USDJPYm,"XAUUSDm - Buy, USDJPYm - Sell",4520.828,159.243,1000.07,1000.02,-0.05,No Flip,0
2026-05-26 13:08:32.696,XAUUSDm,USDJPYm,"XAUUSDm - Buy, USDJPYm - Sell",4520.828,159.243,1000.07,1000.02,-0.05,No Flip,0
2026-05-26 13:08:32.747,XAUUSDm,USDJPYm,"XAUUSDm - Buy, USDJPYm - Sell",4520.828,159.243,1000.07,1000.02,-0.05,No Flip,0
2026-05-26 13:08:32.797,XAUUSDm,USDJPYm,"XAUUSDm - Buy, USDJPYm - Sell",4520.828,159.243,1000.07,1000.02,-0.05,No Flip,0
2026-05-26 13:08:32.849,XAUUSDm,USDJPYm,"XAUUSDm - Buy, USDJPYm - Sell",4520.828,159.243,1000.07,1000.02,-0.05,No Flip,0
2026-05-26 13:08:32.900,XAUUSDm,USDJPYm,"XAUUSDm - Buy, USDJPYm - Sell",4520.828,159.243,1000.07,1000.02,-0.05,No Flip,0
2026-05-26 13:08:32.951,XAUUSDm,USDJPYm,"XAUUSDm - Buy, USDJPYm - Sell",4520.828,159.243,1000.07,1000.02,-0.05,No Flip,0
2026-05-26 13:08:33.001,XAUUSDm,USDJPYm,"XAUUSDm - Buy, USDJPYm - Sell",4520.828,159.243,1000.07,1000.02,-0.05,No Flip,0
2026-05-26 13:08:33.052,XAUUSDm,USDJPYm,"XAUUSDm - Buy, USDJPYm - Sell",4520.828,159.243,1000.07,1000.02,-0.05,No Flip,0
2026-05-26 13:08:33.103,XAUUSDm,USDJPYm,"XAUUSDm - Buy, USDJPYm - Sell",4520.831,159.243,1000.07,1000.02,-0.05,No Flip,0
2026-05-26 13:08:33.153,XAUUSDm,USDJPYm,"XAUUSDm - Buy, USDJPYm - Sell",4520.831,159.243,1000.07,1000.02,-0.05,No Flip,0
2026-05-26 13:08:33.204,XAUUSDm,USDJPYm,"XAUUSDm - Buy, USDJPYm - Sell",4520.89,159.243,1000.09,1000.02,-0.07,No Flip,0
2026-05-26 13:08:33.255,XAUUSDm,USDJPYm,"XAUUSDm - Buy, USDJPYm - Sell",4520.89,159.243,1000.09,1000.02,-0.07,No Flip,0
2026-05-26 13:08:33.305,XAUUSDm,USDJPYm,"XAUUSDm - Buy, USDJPYm - Sell",4520.89,159.243,1000.09,1000.02,-0.07,No Flip,0
2026-05-26 13:08:33.356,XAUUSDm,USDJPYm,"XAUUSDm - Buy, USDJPYm - Sell",4520.89,159.243,1000.09,1000.02,-0.07,No Flip,0
2026-05-26 13:08:33.408,XAUUSDm,USDJPYm,"XAUUSDm - Buy, USDJPYm - Sell",4520.89,159.243,1000.09,1000.02,-0.07,No Flip,0
2026-05-26 13:08:33.458,XAUUSDm,USDJPYm,"XAUUSDm - Buy, USDJPYm - Sell",4520.89,159.243,1000.09,1000.02,-0.07,No Flip,0
2026-05-26 13:08:33.509,XAUUSDm,USDJPYm,"XAUUSDm - Buy, USDJPYm - Sell",4520.89,159.243,1000.09,1000.02,-0.07,No Flip,0
2026-05-26 13:08:33.559,XAUUSDm,USDJPYm,"XAUUSDm - Buy, USDJPYm - Sell",4520.89,159.243,1000.09,1000.02,-0.07,No Flip,0
2026-05-26 13:08:33.610,XAUUSDm,USDJPYm,"XAUUSDm - Buy, USDJPYm - Sell",4520.89,159.243,1000.09,1000.02,-0.07,No Flip,0
2026-05-26 13:08:33.661,XAUUSDm,USDJPYm,"XAUUSDm - Buy, USDJPYm - Sell",4520.89,159.243,1000.09,1000.02,-0.07,No Flip,0
2026-05-26 13:08:33.711,XAUUSDm,USDJPYm,"XAUUSDm - Buy, USDJPYm - Sell",4520.89,159.243,1000.09,1000.02,-0.07,No Flip,0
2026-05-26 13:08:33.762,XAUUSDm,USDJPYm,"XAUUSDm - Buy, USDJPYm - Sell",4520.89,159.243,1000.09,1000.02,-0.07,No Flip,0
2026-05-26 13:08:33.812,XAUUSDm,USDJPYm,"XAUUSDm - Buy, USDJPYm - Sell",4520.89,159.243,1000.09,1000.02,-0.07,No Flip,0
2026-05-26 13:08:33.864,XAUUSDm,USDJPYm,"XAUUSDm - Buy, USDJPYm - Sell",4520.89,159.243,1000.09,1000.02,-0.07,No Flip,0
2026-05-26 13:08:33.914,XAUUSDm,USDJPYm,"XAUUSDm - Buy, USDJPYm - Sell",4520.89,159.243,1000.09,1000.02,-0.07,No Flip,0
2026-05-26 13:08:33.965,XAUUSDm,USDJPYm,"XAUUSDm - Buy, USDJPYm - Sell",4520.89,159.243,1000.09,1000.02,-0.07,No Flip,0
2026-05-26 13:08:34.016,XAUUSDm,USDJPYm,"XAUUSDm - Buy, USDJPYm - Sell",4520.89,159.243,1000.09,1000.02,-0.07,No Flip,0
2026-05-26 13:08:34.067,XAUUSDm,USDJPYm,"XAUUSDm - Buy, USDJPYm - Sell",4520.89,159.243,1000.09,1000.02,-0.07,No Flip,0
2026-05-26 13:08:34.118,XAUUSDm,USDJPYm,"XAUUSDm - Buy, USDJPYm - Sell",4520.89,159.243,1000.09,1000.02,-0.07,No Flip,0
2026-05-26 13:08:34.169,XAUUSDm,USDJPYm,"XAUUSDm - Buy, USDJPYm - Sell",4520.89,159.243,1000.09,1000.02,-0.07,No Flip,0
2026-05-26 13:08:34.219,XAUUSDm,USDJPYm,"XAUUSDm - Buy, USDJPYm - Sell",4520.89,159.243,1000.09,1000.02,-0.07,No Flip,0
2026-05-26 13:08:34.270,XAUUSDm,USDJPYm,"XAUUSDm - Buy, USDJPYm - Sell",4520.89,159.243,1000.09,1000.02,-0.07,No Flip,0
2026-05-26 13:08:34.321,XAUUSDm,USDJPYm,"XAUUSDm - Buy, USDJPYm - Sell",4520.89,159.243,1000.09,1000.02,-0.07,No Flip,0
2026-05-26 13:08:34.372,XAUUSDm,USDJPYm,"XAUUSDm - Buy, USDJPYm - Sell",4520.89,159.243,1000.09,1000.02,-0.07,No Flip,0
2026-05-26 13:08:34.423,XAUUSDm,USDJPYm,"XAUUSDm - Buy, USDJPYm - Sell",4520.89,159.243,1000.09,1000.02,-0.07,No Flip,0
2026-05-26 13:08:34.474,XAUUSDm,USDJPYm,"XAUUSDm - Buy, USDJPYm - Sell",4520.563,159.243,1000.01,1000.02,0.0,No Flip,0
2026-05-26 13:08:34.525,XAUUSDm,USDJPYm,"XAUUSDm - Buy, USDJPYm - Sell",4520.563,159.243,1000.01,1000.02,0.0,No Flip,0
2026-05-26 13:08:34.576,XAUUSDm,USDJPYm,"XAUUSDm - Buy, USDJPYm - Sell",4520.563,159.243,1000.01,1000.02,0.0,No Flip,0
2026-05-26 13:08:34.626,XAUUSDm,USDJPYm,"XAUUSDm - Buy, USDJPYm - Sell",4520.563,159.243,1000.01,1000.02,0.0,No Flip,0
2026-05-26 13:08:34.677,XAUUSDm,USDJPYm,"XAUUSDm - Buy, USDJPYm - Sell",4520.563,159.243,1000.01,1000.02,0.0,No Flip,0
2026-05-26 13:08:34.728,XAUUSDm,USDJPYm,"XAUUSDm - Buy, USDJPYm - Sell",4520.563,159.243,1000.01,1000.02,0.0,No Flip,0
2026-05-26 13:08:34.779,XAUUSDm,USDJPYm,"XAUUSDm - Buy, USDJPYm - Sell",4520.563,159.242,1000.01,1000.01,-0.0,No Flip,0
2026-05-26 13:08:34.829,XAUUSDm,USDJPYm,"XAUUSDm - Buy, USDJPYm - Sell",4520.563,159.242,1000.01,1000.01,-0.0,No Flip,0
2026-05-26 13:08:34.880,XAUUSDm,USDJPYm,"XAUUSDm - Buy, USDJPYm - Sell",4520.563,159.242,1000.01,1000.01,-0.0,No Flip,0
2026-05-26 13:08:34.931,XAUUSDm,USDJPYm,"XAUUSDm - Buy, USDJPYm - Sell",4520.563,159.242,1000.01,1000.01,-0.0,No Flip,0
2026-05-26 13:08:34.982,XAUUSDm,USDJPYm,"XAUUSDm - Buy, USDJPYm - Sell",4520.563,159.242,1000.01,1000.01,-0.0,No Flip,0
2026-05-26 13:08:35.033,XAUUSDm,USDJPYm,"XAUUSDm - Buy, USDJPYm - Sell",4520.563,159.242,1000.01,1000.01,-0.0,No Flip,0
2026-05-26 13:08:35.083,XAUUSDm,USDJPYm,"XAUUSDm - Buy, USDJPYm - Sell",4520.563,159.242,1000.01,1000.01,-0.0,No Flip,0
2026-05-26 13:08:35.134,XAUUSDm,USDJPYm,"XAUUSDm - Buy, USDJPYm - Sell",4520.563,159.242,1000.01,1000.01,-0.0,No Flip,0
2026-05-26 13:08:35.185,XAUUSDm,USDJPYm,"XAUUSDm - Buy, USDJPYm - Sell",4520.563,159.242,1000.01,1000.01,-0.0,No Flip,0
2026-05-26 13:08:35.236,XAUUSDm,USDJPYm,"XAUUSDm - Buy, USDJPYm - Sell",4520.563,159.242,1000.01,1000.01,-0.0,No Flip,0
2026-05-26 13:08:35.287,XAUUSDm,USDJPYm,"XAUUSDm - Buy, USDJPYm - Sell",4520.866,159.242,1000.08,1000.01,-0.07,No Flip,0
2026-05-26 13:08:35.338,XAUUSDm,USDJPYm,"XAUUSDm - Buy, USDJPYm - Sell",4520.866,159.242,1000.08,1000.01,-0.07,No Flip,0
2026-05-26 13:08:35.389,XAUUSDm,USDJPYm,"XAUUSDm - Buy, USDJPYm - Sell",4520.866,159.242,1000.08,1000.01,-0.07,No Flip,0
2026-05-26 13:08:35.439,XAUUSDm,USDJPYm,"XAUUSDm - Buy, USDJPYm - Sell",4520.866,159.242,1000.08,1000.01,-0.07,No Flip,0
2026-05-26 13:08:35.490,XAUUSDm,USDJPYm,"XAUUSDm - Buy, USDJPYm - Sell",4520.866,159.242,1000.08,1000.01,-0.07,No Flip,0
2026-05-26 13:08:35.541,XAUUSDm,USDJPYm,"XAUUSDm - Buy, USDJPYm - Sell",4520.866,159.242,1000.08,1000.01,-0.07,No Flip,0
2026-05-26 13:08:35.592,XAUUSDm,USDJPYm,"XAUUSDm - Buy, USDJPYm - Sell",4520.866,159.242,1000.08,1000.01,-0.07,No Flip,0
2026-05-26 13:08:35.642,XAUUSDm,USDJPYm,"XAUUSDm - Buy, USDJPYm - Sell",4520.866,159.242,1000.08,1000.01,-0.07,No Flip,0
2026-05-26 13:08:35.693,XAUUSDm,USDJPYm,"XAUUSDm - Buy, USDJPYm - Sell",4520.866,159.242,1000.08,1000.01,-0.07,No Flip,0
2026-05-26 13:08:35.743,XAUUSDm,USDJPYm,"XAUUSDm - Buy, USDJPYm - Sell",4520.866,159.242,1000.08,1000.01,-0.07,No Flip,0
2026-05-26 13:08:35.794,XAUUSDm,USDJPYm,"XAUUSDm - Buy, USDJPYm - Sell",4520.866,159.242,1000.08,1000.01,-0.07,No Flip,0
2026-05-26 13:08:35.845,XAUUSDm,USDJPYm,"XAUUSDm - Buy, USDJPYm - Sell",4520.866,159.242,1000.08,1000.01,-0.07,No Flip,0
2026-05-26 13:08:35.896,XAUUSDm,USDJPYm,"XAUUSDm - Buy, USDJPYm - Sell",4520.866,159.242,1000.08,1000.01,-0.07,No Flip,0
2026-05-26 13:08:35.946,XAUUSDm,USDJPYm,"XAUUSDm - Buy, USDJPYm - Sell",4520.866,159.242,1000.08,1000.01,-0.07,No Flip,0
2026-05-26 13:08:35.998,XAUUSDm,USDJPYm,"XAUUSDm - Buy, USDJPYm - Sell",4520.866,159.242,1000.08,1000.01,-0.07,No Flip,0
2026-05-26 13:08:36.048,XAUUSDm,USDJPYm,"XAUUSDm - Buy, USDJPYm - Sell",4520.866,159.242,1000.08,1000.01,-0.07,No Flip,0
2026-05-26 13:08:36.099,XAUUSDm,USDJPYm,"XAUUSDm - Buy, USDJPYm - Sell",4520.714,159.242,1000.05,1000.01,-0.04,No Flip,0
2026-05-26 13:08:36.150,XAUUSDm,USDJPYm,"XAUUSDm - Buy, USDJPYm - Sell",4520.714,159.242,1000.05,1000.01,-0.04,No Flip,0
2026-05-26 13:08:36.201,XAUUSDm,USDJPYm,"XAUUSDm - Buy, USDJPYm - Sell",4520.714,159.242,1000.05,1000.01,-0.04,No Flip,0
2026-05-26 13:08:36.252,XAUUSDm,USDJPYm,"XAUUSDm - Buy, USDJPYm - Sell",4520.714,159.242,1000.05,1000.01,-0.04,No Flip,0
2026-05-26 13:08:36.303,XAUUSDm,USDJPYm,"XAUUSDm - Buy, USDJPYm - Sell",4520.714,159.242,1000.05,1000.01,-0.04,No Flip,0
2026-05-26 13:08:36.353,XAUUSDm,USDJPYm,"XAUUSDm - Buy, USDJPYm - Sell",4520.714,159.242,1000.05,1000.01,-0.04,No Flip,0
2026-05-26 13:08:36.404,XAUUSDm,USDJPYm,"XAUUSDm - Buy, USDJPYm - Sell",4520.714,159.242,1000.05,1000.01,-0.04,No Flip,0
2026-05-26 13:08:36.455,XAUUSDm,USDJPYm,"XAUUSDm - Buy, USDJPYm - Sell",4520.714,159.242,1000.05,1000.01,-0.04,No Flip,0
2026-05-26 13:08:36.506,XAUUSDm,USDJPYm,"XAUUSDm - Buy, USDJPYm - Sell",4520.714,159.242,1000.05,1000.01,-0.04,No Flip,0
2026-05-26 13:08:36.557,XAUUSDm,USDJPYm,"XAUUSDm - Buy, USDJPYm - Sell",4520.714,159.242,1000.05,1000.01,-0.04,No Flip,0
2026-05-26 13:08:36.608,XAUUSDm,USDJPYm,"XAUUSDm - Buy, USDJPYm - Sell",4520.714,159.242,1000.05,1000.01,-0.04,No Flip,0
2026-05-26 13:08:36.659,XAUUSDm,USDJPYm,"XAUUSDm - Buy, USDJPYm - Sell",4520.792,159.242,1000.07,1000.01,-0.05,No Flip,0
2026-05-26 13:08:36.710,XAUUSDm,USDJPYm,"XAUUSDm - Buy, USDJPYm - Sell",4520.792,159.242,1000.07,1000.01,-0.05,No Flip,0
2026-05-26 13:08:36.760,XAUUSDm,USDJPYm,"XAUUSDm - Buy, USDJPYm - Sell",4520.792,159.242,1000.07,1000.01,-0.05,No Flip,0
2026-05-26 13:08:36.812,XAUUSDm,USDJPYm,"XAUUSDm - Buy, USDJPYm - Sell",4520.792,159.242,1000.07,1000.01,-0.05,No Flip,0
2026-05-26 13:08:36.863,XAUUSDm,USDJPYm,"XAUUSDm - Buy, USDJPYm - Sell",4520.792,159.242,1000.07,1000.01,-0.05,No Flip,0
2026-05-26 13:08:36.913,XAUUSDm,USDJPYm,"XAUUSDm - Buy, USDJPYm - Sell",4520.792,159.242,1000.07,1000.01,-0.05,No Flip,0
2026-05-26 13:08:36.965,XAUUSDm,USDJPYm,"XAUUSDm - Buy, USDJPYm - Sell",4520.792,159.242,1000.07,1000.01,-0.05,No Flip,0
2026-05-26 13:08:37.016,XAUUSDm,USDJPYm,"XAUUSDm - Buy, USDJPYm - Sell",4520.792,159.241,1000.07,1000.01,-0.06,No Flip,0
2026-05-26 13:08:37.067,XAUUSDm,USDJPYm,"XAUUSDm - Buy, USDJPYm - Sell",4520.792,159.241,1000.07,1000.01,-0.06,No Flip,0
2026-05-26 13:08:37.118,XAUUSDm,USDJPYm,"XAUUSDm - Buy, USDJPYm - Sell",4520.792,159.241,1000.07,1000.01,-0.06,No Flip,0
2026-05-26 13:08:37.169,XAUUSDm,USDJPYm,"XAUUSDm - Buy, USDJPYm - Sell",4520.792,159.241,1000.07,1000.01,-0.06,No Flip,0
2026-05-26 13:08:37.220,XAUUSDm,USDJPYm,"XAUUSDm - Buy, USDJPYm - Sell",4520.792,159.241,1000.07,1000.01,-0.06,No Flip,0
2026-05-26 13:08:37.271,XAUUSDm,USDJPYm,"XAUUSDm - Buy, USDJPYm - Sell",4520.792,159.241,1000.07,1000.01,-0.06,No Flip,0
2026-05-26 13:08:37.322,XAUUSDm,USDJPYm,"XAUUSDm - Buy, USDJPYm - Sell",4520.792,159.241,1000.07,1000.01,-0.06,No Flip,0
2026-05-26 13:08:37.372,XAUUSDm,USDJPYm,"XAUUSDm - Buy, USDJPYm - Sell",4520.792,159.241,1000.07,1000.01,-0.06,No Flip,0
2026-05-26 13:08:37.423,XAUUSDm,USDJPYm,"XAUUSDm - Buy, USDJPYm - Sell",4520.792,159.241,1000.07,1000.01,-0.06,No Flip,0
2026-05-26 13:08:37.474,XAUUSDm,USDJPYm,"XAUUSDm - Buy, USDJPYm - Sell",4520.792,159.241,1000.07,1000.01,-0.06,No Flip,0
2026-05-26 13:08:37.525,XAUUSDm,USDJPYm,"XAUUSDm - Buy, USDJPYm - Sell",4520.792,159.241,1000.07,1000.01,-0.06,No Flip,0
2026-05-26 13:08:37.575,XAUUSDm,USDJPYm,"XAUUSDm - Buy, USDJPYm - Sell",4520.792,159.241,1000.07,1000.01,-0.06,No Flip,0
2026-05-26 13:08:37.626,XAUUSDm,USDJPYm,"XAUUSDm - Buy, USDJPYm - Sell",4520.792,159.241,1000.07,1000.01,-0.06,No Flip,0
2026-05-26 13:08:37.678,XAUUSDm,USDJPYm,"XAUUSDm - Buy, USDJPYm - Sell",4520.792,159.241,1000.07,1000.01,-0.06,No Flip,0
2026-05-26 13:08:37.729,XAUUSDm,USDJPYm,"XAUUSDm - Buy, USDJPYm - Sell",4520.941,159.241,1000.1,1000.01,-0.09,No Flip,0
2026-05-26 13:08:37.780,XAUUSDm,USDJPYm,"XAUUSDm - Buy, USDJPYm - Sell",4520.941,159.241,1000.1,1000.01,-0.09,No Flip,0
2026-05-26 13:08:37.831,XAUUSDm,USDJPYm,"XAUUSDm - Buy, USDJPYm - Sell",4520.723,159.241,1000.05,1000.01,-0.04,No Flip,0
2026-05-26 13:08:37.881,XAUUSDm,USDJPYm,"XAUUSDm - Buy, USDJPYm - Sell",4520.723,159.241,1000.05,1000.01,-0.04,No Flip,0
2026-05-26 13:08:37.932,XAUUSDm,USDJPYm,"XAUUSDm - Buy, USDJPYm - Sell",4520.723,159.241,1000.05,1000.01,-0.04,No Flip,0
2026-05-26 13:08:37.983,XAUUSDm,USDJPYm,"XAUUSDm - Buy, USDJPYm - Sell",4520.723,159.241,1000.05,1000.01,-0.04,No Flip,0
2026-05-26 13:08:38.034,XAUUSDm,USDJPYm,"XAUUSDm - Buy, USDJPYm - Sell",4520.723,159.241,1000.05,1000.01,-0.04,No Flip,0
2026-05-26 13:08:38.085,XAUUSDm,USDJPYm,"XAUUSDm - Buy, USDJPYm - Sell",4520.723,159.241,1000.05,1000.01,-0.04,No Flip,0
2026-05-26 13:08:38.136,XAUUSDm,USDJPYm,"XAUUSDm - Buy, USDJPYm - Sell",4520.723,159.241,1000.05,1000.01,-0.04,No Flip,0
2026-05-26 13:08:38.187,XAUUSDm,USDJPYm,"XAUUSDm - Buy, USDJPYm - Sell",4520.723,159.241,1000.05,1000.01,-0.04,No Flip,0
2026-05-26 13:08:38.239,XAUUSDm,USDJPYm,"XAUUSDm - Buy, USDJPYm - Sell",4520.723,159.239,1000.05,999.99,-0.06,No Flip,0
2026-05-26 13:08:38.290,XAUUSDm,USDJPYm,"XAUUSDm - Buy, USDJPYm - Sell",4520.723,159.239,1000.05,999.99,-0.06,No Flip,0
2026-05-26 13:08:38.341,XAUUSDm,USDJPYm,"XAUUSDm - Buy, USDJPYm - Sell",4520.723,159.239,1000.05,999.99,-0.06,No Flip,0
2026-05-26 13:08:38.392,XAUUSDm,USDJPYm,"XAUUSDm - Buy, USDJPYm - Sell",4520.723,159.239,1000.05,999.99,-0.06,No Flip,0
2026-05-26 13:08:38.442,XAUUSDm,USDJPYm,"XAUUSDm - Buy, USDJPYm - Sell",4520.723,159.239,1000.05,999.99,-0.06,No Flip,0
2026-05-26 13:08:38.493,XAUUSDm,USDJPYm,"XAUUSDm - Buy, USDJPYm - Sell",4520.723,159.239,1000.05,999.99,-0.06,No Flip,0
2026-05-26 13:08:38.544,XAUUSDm,USDJPYm,"XAUUSDm - Buy, USDJPYm - Sell",4520.723,159.239,1000.05,999.99,-0.06,No Flip,0
2026-05-26 13:08:38.594,XAUUSDm,USDJPYm,"XAUUSDm - Buy, USDJPYm - Sell",4520.723,159.239,1000.05,999.99,-0.06,No Flip,0
2026-05-26 13:08:38.645,XAUUSDm,USDJPYm,"XAUUSDm - Buy, USDJPYm - Sell",4520.723,159.239,1000.05,999.99,-0.06,No Flip,0
2026-05-26 13:08:38.696,XAUUSDm,USDJPYm,"XAUUSDm - Buy, USDJPYm - Sell",4520.723,159.239,1000.05,999.99,-0.06,No Flip,0
2026-05-26 13:08:38.747,XAUUSDm,USDJPYm,"XAUUSDm - Buy, USDJPYm - Sell",4520.723,159.239,1000.05,999.99,-0.06,No Flip,0
2026-05-26 13:08:38.798,XAUUSDm,USDJPYm,"XAUUSDm - Buy, USDJPYm - Sell",4520.673,159.239,1000.04,999.99,-0.04,No Flip,0
2026-05-26 13:08:38.848,XAUUSDm,USDJPYm,"XAUUSDm - Buy, USDJPYm - Sell",4520.673,159.239,1000.04,999.99,-0.04,No Flip,0
2026-05-26 13:08:38.899,XAUUSDm,USDJPYm,"XAUUSDm - Buy, USDJPYm - Sell",4520.673,159.239,1000.04,999.99,-0.04,No Flip,0
2026-05-26 13:08:38.950,XAUUSDm,USDJPYm,"XAUUSDm - Buy, USDJPYm - Sell",4520.673,159.239,1000.04,999.99,-0.04,No Flip,0
2026-05-26 13:08:39.001,XAUUSDm,USDJPYm,"XAUUSDm - Buy, USDJPYm - Sell",4520.673,159.239,1000.04,999.99,-0.04,No Flip,0
2026-05-26 13:08:39.053,XAUUSDm,USDJPYm,"XAUUSDm - Buy, USDJPYm - Sell",4520.673,159.239,1000.04,999.99,-0.04,No Flip,0
2026-05-26 13:08:39.104,XAUUSDm,USDJPYm,"XAUUSDm - Buy, USDJPYm - Sell",4520.673,159.239,1000.04,999.99,-0.04,No Flip,0
2026-05-26 13:08:39.155,XAUUSDm,USDJPYm,"XAUUSDm - Buy, USDJPYm - Sell",4520.673,159.239,1000.04,999.99,-0.04,No Flip,0
2026-05-26 13:08:39.205,XAUUSDm,USDJPYm,"XAUUSDm - Buy, USDJPYm - Sell",4520.673,159.239,1000.04,999.99,-0.04,No Flip,0
2026-05-26 13:08:39.256,XAUUSDm,USDJPYm,"XAUUSDm - Buy, USDJPYm - Sell",4520.673,159.239,1000.04,999.99,-0.04,No Flip,0
2026-05-26 13:08:39.307,XAUUSDm,USDJPYm,"XAUUSDm - Buy, USDJPYm - Sell",4520.673,159.24,1000.04,1000.0,-0.04,No Flip,0
2026-05-26 13:08:39.358,XAUUSDm,USDJPYm,"XAUUSDm - Buy, USDJPYm - Sell",4520.673,159.24,1000.04,1000.0,-0.04,No Flip,0
2026-05-26 13:08:39.409,XAUUSDm,USDJPYm,"XAUUSDm - Buy, USDJPYm - Sell",4520.673,159.24,1000.04,1000.0,-0.04,No Flip,0
2026-05-26 13:08:39.460,XAUUSDm,USDJPYm,"XAUUSDm - Buy, USDJPYm - Sell",4520.673,159.24,1000.04,1000.0,-0.04,No Flip,0
2026-05-26 13:08:39.511,XAUUSDm,USDJPYm,"XAUUSDm - Buy, USDJPYm - Sell",4520.673,159.24,1000.04,1000.0,-0.04,No Flip,0
2026-05-26 13:08:39.562,XAUUSDm,USDJPYm,"XAUUSDm - Buy, USDJPYm - Sell",4520.673,159.24,1000.04,1000.0,-0.04,No Flip,0
2026-05-26 13:08:39.613,XAUUSDm,USDJPYm,"XAUUSDm - Buy, USDJPYm - Sell",4520.673,159.24,1000.04,1000.0,-0.04,No Flip,0
2026-05-26 13:08:39.664,XAUUSDm,USDJPYm,"XAUUSDm - Buy, USDJPYm - Sell",4520.673,159.24,1000.04,1000.0,-0.04,No Flip,0
2026-05-26 13:08:39.714,XAUUSDm,USDJPYm,"XAUUSDm - Buy, USDJPYm - Sell",4520.673,159.24,1000.04,1000.0,-0.04,No Flip,0
2026-05-26 13:08:39.765,XAUUSDm,USDJPYm,"XAUUSDm - Buy, USDJPYm - Sell",4520.673,159.24,1000.04,1000.0,-0.04,No Flip,0
2026-05-26 13:08:39.816,XAUUSDm,USDJPYm,"XAUUSDm - Buy, USDJPYm - Sell",4520.674,159.24,1000.04,1000.0,-0.04,No Flip,0
2026-05-26 13:08:39.866,XAUUSDm,USDJPYm,"XAUUSDm - Buy, USDJPYm - Sell",4520.674,159.24,1000.04,1000.0,-0.04,No Flip,0
2026-05-26 13:08:39.917,XAUUSDm,USDJPYm,"XAUUSDm - Buy, USDJPYm - Sell",4520.674,159.24,1000.04,1000.0,-0.04,No Flip,0
2026-05-26 13:08:39.968,XAUUSDm,USDJPYm,"XAUUSDm - Buy, USDJPYm - Sell",4520.674,159.24,1000.04,1000.0,-0.04,No Flip,0
2026-05-26 13:08:40.018,XAUUSDm,USDJPYm,"XAUUSDm - Buy, USDJPYm - Sell",4520.674,159.24,1000.04,1000.0,-0.04,No Flip,0
2026-05-26 13:08:40.069,XAUUSDm,USDJPYm,"XAUUSDm - Buy, USDJPYm - Sell",4520.674,159.24,1000.04,1000.0,-0.04,No Flip,0
2026-05-26 13:08:40.120,XAUUSDm,USDJPYm,"XAUUSDm - Buy, USDJPYm - Sell",4520.674,159.24,1000.04,1000.0,-0.04,No Flip,0
2026-05-26 13:08:40.170,XAUUSDm,USDJPYm,"XAUUSDm - Buy, USDJPYm - Sell",4520.674,159.24,1000.04,1000.0,-0.04,No Flip,0
2026-05-26 13:08:40.221,XAUUSDm,USDJPYm,"XAUUSDm - Buy, USDJPYm - Sell",4520.674,159.24,1000.04,1000.0,-0.04,No Flip,0
2026-05-26 13:08:40.272,XAUUSDm,USDJPYm,"XAUUSDm - Buy, USDJPYm - Sell",4520.674,159.24,1000.04,1000.0,-0.04,No Flip,0
2026-05-26 13:08:40.323,XAUUSDm,USDJPYm,"XAUUSDm - Buy, USDJPYm - Sell",4520.674,159.24,1000.04,1000.0,-0.04,No Flip,0
2026-05-26 13:08:40.373,XAUUSDm,USDJPYm,"XAUUSDm - Buy, USDJPYm - Sell",4520.674,159.24,1000.04,1000.0,-0.04,No Flip,0
2026-05-26 13:08:40.424,XAUUSDm,USDJPYm,"XAUUSDm - Buy, USDJPYm - Sell",4520.674,159.24,1000.04,1000.0,-0.04,No Flip,0
2026-05-26 13:08:40.475,XAUUSDm,USDJPYm,"XAUUSDm - Buy, USDJPYm - Sell",4520.674,159.24,1000.04,1000.0,-0.04,No Flip,0
2026-05-26 13:08:40.526,XAUUSDm,USDJPYm,"XAUUSDm - Buy, USDJPYm - Sell",4520.674,159.24,1000.04,1000.0,-0.04,No Flip,0
2026-05-26 13:08:40.576,XAUUSDm,USDJPYm,"XAUUSDm - Buy, USDJPYm - Sell",4520.674,159.24,1000.04,1000.0,-0.04,No Flip,0
2026-05-26 13:08:40.627,XAUUSDm,USDJPYm,"XAUUSDm - Buy, USDJPYm - Sell",4520.674,159.24,1000.04,1000.0,-0.04,No Flip,0
2026-05-26 13:08:40.677,XAUUSDm,USDJPYm,"XAUUSDm - Buy, USDJPYm - Sell",4520.674,159.24,1000.04,1000.0,-0.04,No Flip,0
2026-05-26 13:08:40.728,XAUUSDm,USDJPYm,"XAUUSDm - Buy, USDJPYm - Sell",4520.674,159.24,1000.04,1000.0,-0.04,No Flip,0
2026-05-26 13:08:40.778,XAUUSDm,USDJPYm,"XAUUSDm - Buy, USDJPYm - Sell",4520.674,159.24,1000.04,1000.0,-0.04,No Flip,0
2026-05-26 13:08:40.829,XAUUSDm,USDJPYm,"XAUUSDm - Buy, USDJPYm - Sell",4520.683,159.24,1000.04,1000.0,-0.04,No Flip,0
2026-05-26 13:08:40.880,XAUUSDm,USDJPYm,"XAUUSDm - Buy, USDJPYm - Sell",4520.683,159.24,1000.04,1000.0,-0.04,No Flip,0
2026-05-26 13:08:40.930,XAUUSDm,USDJPYm,"XAUUSDm - Buy, USDJPYm - Sell",4520.683,159.24,1000.04,1000.0,-0.04,No Flip,0
2026-05-26 13:08:40.981,XAUUSDm,USDJPYm,"XAUUSDm - Buy, USDJPYm - Sell",4520.683,159.24,1000.04,1000.0,-0.04,No Flip,0
2026-05-26 13:08:41.032,XAUUSDm,USDJPYm,"XAUUSDm - Buy, USDJPYm - Sell",4520.683,159.24,1000.04,1000.0,-0.04,No Flip,0
2026-05-26 13:08:41.082,XAUUSDm,USDJPYm,"XAUUSDm - Buy, USDJPYm - Sell",4520.683,159.24,1000.04,1000.0,-0.04,No Flip,0
2026-05-26 13:08:41.133,XAUUSDm,USDJPYm,"XAUUSDm - Buy, USDJPYm - Sell",4520.683,159.24,1000.04,1000.0,-0.04,No Flip,0
2026-05-26 13:08:41.184,XAUUSDm,USDJPYm,"XAUUSDm - Buy, USDJPYm - Sell",4520.683,159.24,1000.04,1000.0,-0.04,No Flip,0
2026-05-26 13:08:41.235,XAUUSDm,USDJPYm,"XAUUSDm - Buy, USDJPYm - Sell",4520.683,159.24,1000.04,1000.0,-0.04,No Flip,0
2026-05-26 13:08:41.286,XAUUSDm,USDJPYm,"XAUUSDm - Buy, USDJPYm - Sell",4520.683,159.24,1000.04,1000.0,-0.04,No Flip,0
2026-05-26 13:08:41.336,XAUUSDm,USDJPYm,"XAUUSDm - Buy, USDJPYm - Sell",4520.683,159.24,1000.04,1000.0,-0.04,No Flip,0
2026-05-26 13:08:41.387,XAUUSDm,USDJPYm,"XAUUSDm - Buy, USDJPYm - Sell",4520.683,159.24,1000.04,1000.0,-0.04,No Flip,0
2026-05-26 13:08:41.438,XAUUSDm,USDJPYm,"XAUUSDm - Buy, USDJPYm - Sell",4520.683,159.24,1000.04,1000.0,-0.04,No Flip,0
2026-05-26 13:08:41.489,XAUUSDm,USDJPYm,"XAUUSDm - Buy, USDJPYm - Sell",4520.683,159.24,1000.04,1000.0,-0.04,No Flip,0
2026-05-26 13:08:41.540,XAUUSDm,USDJPYm,"XAUUSDm - Buy, USDJPYm - Sell",4520.683,159.24,1000.04,1000.0,-0.04,No Flip,0
2026-05-26 13:08:41.590,XAUUSDm,USDJPYm,"XAUUSDm - Buy, USDJPYm - Sell",4520.683,159.24,1000.04,1000.0,-0.04,No Flip,0
2026-05-26 13:08:41.642,XAUUSDm,USDJPYm,"XAUUSDm - Buy, USDJPYm - Sell",4520.683,159.24,1000.04,1000.0,-0.04,No Flip,0
2026-05-26 13:08:41.692,XAUUSDm,USDJPYm,"XAUUSDm - Buy, USDJPYm - Sell",4520.683,159.24,1000.04,1000.0,-0.04,No Flip,0
2026-05-26 13:08:41.743,XAUUSDm,USDJPYm,"XAUUSDm - Buy, USDJPYm - Sell",4520.683,159.24,1000.04,1000.0,-0.04,No Flip,0
2026-05-26 13:08:41.794,XAUUSDm,USDJPYm,"XAUUSDm - Buy, USDJPYm - Sell",4520.683,159.24,1000.04,1000.0,-0.04,No Flip,0
2026-05-26 13:08:41.845,XAUUSDm,USDJPYm,"XAUUSDm - Buy, USDJPYm - Sell",4520.961,159.24,1000.1,1000.0,-0.1,No Flip,0
2026-05-26 13:08:41.896,XAUUSDm,USDJPYm,"XAUUSDm - Buy, USDJPYm - Sell",4520.93,159.24,1000.1,1000.0,-0.1,No Flip,0
2026-05-26 13:08:41.946,XAUUSDm,USDJPYm,"XAUUSDm - Buy, USDJPYm - Sell",4520.93,159.24,1000.1,1000.0,-0.1,No Flip,0
2026-05-26 13:08:41.998,XAUUSDm,USDJPYm,"XAUUSDm - Buy, USDJPYm - Sell",4520.93,159.24,1000.1,1000.0,-0.1,No Flip,0
2026-05-26 13:08:42.048,XAUUSDm,USDJPYm,"XAUUSDm - Buy, USDJPYm - Sell",4520.93,159.24,1000.1,1000.0,-0.1,No Flip,0
2026-05-26 13:08:42.099,XAUUSDm,USDJPYm,"XAUUSDm - Buy, USDJPYm - Sell",4520.93,159.24,1000.1,1000.0,-0.1,No Flip,0
2026-05-26 13:08:42.149,XAUUSDm,USDJPYm,"XAUUSDm - Buy, USDJPYm - Sell",4520.93,159.24,1000.1,1000.0,-0.1,No Flip,0
2026-05-26 13:08:42.200,XAUUSDm,USDJPYm,"XAUUSDm - Buy, USDJPYm - Sell",4520.93,159.24,1000.1,1000.0,-0.1,No Flip,0
2026-05-26 13:08:42.251,XAUUSDm,USDJPYm,"XAUUSDm - Buy, USDJPYm - Sell",4520.93,159.24,1000.1,1000.0,-0.1,No Flip,0
2026-05-26 13:08:42.302,XAUUSDm,USDJPYm,"XAUUSDm - Buy, USDJPYm - Sell",4520.93,159.24,1000.1,1000.0,-0.1,No Flip,0
2026-05-26 13:08:42.353,XAUUSDm,USDJPYm,"XAUUSDm - Buy, USDJPYm - Sell",4520.93,159.24,1000.1,1000.0,-0.1,No Flip,0
2026-05-26 13:08:42.403,XAUUSDm,USDJPYm,"XAUUSDm - Buy, USDJPYm - Sell",4520.93,159.24,1000.1,1000.0,-0.1,No Flip,0
2026-05-26 13:08:42.454,XAUUSDm,USDJPYm,"XAUUSDm - Buy, USDJPYm - Sell",4520.93,159.24,1000.1,1000.0,-0.1,No Flip,0
2026-05-26 13:08:42.505,XAUUSDm,USDJPYm,"XAUUSDm - Buy, USDJPYm - Sell",4520.93,159.24,1000.1,1000.0,-0.1,No Flip,0
2026-05-26 13:08:42.555,XAUUSDm,USDJPYm,"XAUUSDm - Buy, USDJPYm - Sell",4520.874,159.24,1000.08,1000.0,-0.08,No Flip,0
2026-05-26 13:08:42.607,XAUUSDm,USDJPYm,"XAUUSDm - Buy, USDJPYm - Sell",4520.874,159.24,1000.08,1000.0,-0.08,No Flip,0
2026-05-26 13:08:42.658,XAUUSDm,USDJPYm,"XAUUSDm - Buy, USDJPYm - Sell",4520.874,159.24,1000.08,1000.0,-0.08,No Flip,0
2026-05-26 13:08:42.708,XAUUSDm,USDJPYm,"XAUUSDm - Buy, USDJPYm - Sell",4520.874,159.24,1000.08,1000.0,-0.08,No Flip,0
2026-05-26 13:08:42.759,XAUUSDm,USDJPYm,"XAUUSDm - Buy, USDJPYm - Sell",4520.874,159.24,1000.08,1000.0,-0.08,No Flip,0
2026-05-26 13:08:42.810,XAUUSDm,USDJPYm,"XAUUSDm - Buy, USDJPYm - Sell",4520.874,159.24,1000.08,1000.0,-0.08,No Flip,0
2026-05-26 13:08:42.861,XAUUSDm,USDJPYm,"XAUUSDm - Buy, USDJPYm - Sell",4520.874,159.24,1000.08,1000.0,-0.08,No Flip,0
2026-05-26 13:08:42.912,XAUUSDm,USDJPYm,"XAUUSDm - Buy, USDJPYm - Sell",4520.874,159.24,1000.08,1000.0,-0.08,No Flip,0
2026-05-26 13:08:42.963,XAUUSDm,USDJPYm,"XAUUSDm - Buy, USDJPYm - Sell",4520.874,159.24,1000.08,1000.0,-0.08,No Flip,0
2026-05-26 13:08:43.013,XAUUSDm,USDJPYm,"XAUUSDm - Buy, USDJPYm - Sell",4520.874,159.24,1000.08,1000.0,-0.08,No Flip,0
2026-05-26 13:08:43.064,XAUUSDm,USDJPYm,"XAUUSDm - Buy, USDJPYm - Sell",4520.874,159.24,1000.08,1000.0,-0.08,No Flip,0
2026-05-26 13:08:43.115,XAUUSDm,USDJPYm,"XAUUSDm - Buy, USDJPYm - Sell",4520.874,159.24,1000.08,1000.0,-0.08,No Flip,0
2026-05-26 13:08:43.166,XAUUSDm,USDJPYm,"XAUUSDm - Buy, USDJPYm - Sell",4520.874,159.24,1000.08,1000.0,-0.08,No Flip,0
2026-05-26 13:08:43.217,XAUUSDm,USDJPYm,"XAUUSDm - Buy, USDJPYm - Sell",4520.874,159.24,1000.08,1000.0,-0.08,No Flip,0
2026-05-26 13:08:43.267,XAUUSDm,USDJPYm,"XAUUSDm - Buy, USDJPYm - Sell",4520.874,159.24,1000.08,1000.0,-0.08,No Flip,0
2026-05-26 13:08:43.318,XAUUSDm,USDJPYm,"XAUUSDm - Buy, USDJPYm - Sell",4520.874,159.24,1000.08,1000.0,-0.08,No Flip,0
2026-05-26 13:08:43.369,XAUUSDm,USDJPYm,"XAUUSDm - Buy, USDJPYm - Sell",4520.874,159.24,1000.08,1000.0,-0.08,No Flip,0
2026-05-26 13:08:43.419,XAUUSDm,USDJPYm,"XAUUSDm - Buy, USDJPYm - Sell",4520.874,159.24,1000.08,1000.0,-0.08,No Flip,0
2026-05-26 13:08:43.470,XAUUSDm,USDJPYm,"XAUUSDm - Buy, USDJPYm - Sell",4520.874,159.24,1000.08,1000.0,-0.08,No Flip,0
2026-05-26 13:08:43.520,XAUUSDm,USDJPYm,"XAUUSDm - Buy, USDJPYm - Sell",4520.874,159.24,1000.08,1000.0,-0.08,No Flip,0
2026-05-26 13:08:43.571,XAUUSDm,USDJPYm,"XAUUSDm - Buy, USDJPYm - Sell",4520.874,159.24,1000.08,1000.0,-0.08,No Flip,0
2026-05-26 13:08:43.622,XAUUSDm,USDJPYm,"XAUUSDm - Buy, USDJPYm - Sell",4520.629,159.24,1000.03,1000.0,-0.03,No Flip,0
2026-05-26 13:08:43.672,XAUUSDm,USDJPYm,"XAUUSDm - Buy, USDJPYm - Sell",4520.629,159.24,1000.03,1000.0,-0.03,No Flip,0
2026-05-26 13:08:43.723,XAUUSDm,USDJPYm,"XAUUSDm - Buy, USDJPYm - Sell",4520.629,159.24,1000.03,1000.0,-0.03,No Flip,0
2026-05-26 13:08:43.774,XAUUSDm,USDJPYm,"XAUUSDm - Buy, USDJPYm - Sell",4520.629,159.24,1000.03,1000.0,-0.03,No Flip,0
2026-05-26 13:08:43.825,XAUUSDm,USDJPYm,"XAUUSDm - Buy, USDJPYm - Sell",4520.629,159.24,1000.03,1000.0,-0.03,No Flip,0
2026-05-26 13:08:43.876,XAUUSDm,USDJPYm,"XAUUSDm - Buy, USDJPYm - Sell",4520.629,159.24,1000.03,1000.0,-0.03,No Flip,0
2026-05-26 13:08:43.927,XAUUSDm,USDJPYm,"XAUUSDm - Buy, USDJPYm - Sell",4520.629,159.241,1000.03,1000.01,-0.02,No Flip,0
2026-05-26 13:08:43.978,XAUUSDm,USDJPYm,"XAUUSDm - Buy, USDJPYm - Sell",4520.629,159.241,1000.03,1000.01,-0.02,No Flip,0
2026-05-26 13:08:44.028,XAUUSDm,USDJPYm,"XAUUSDm - Buy, USDJPYm - Sell",4520.629,159.241,1000.03,1000.01,-0.02,No Flip,0
2026-05-26 13:08:44.079,XAUUSDm,USDJPYm,"XAUUSDm - Buy, USDJPYm - Sell",4520.629,159.241,1000.03,1000.01,-0.02,No Flip,0
2026-05-26 13:08:44.130,XAUUSDm,USDJPYm,"XAUUSDm - Buy, USDJPYm - Sell",4520.629,159.241,1000.03,1000.01,-0.02,No Flip,0
2026-05-26 13:08:44.181,XAUUSDm,USDJPYm,"XAUUSDm - Buy, USDJPYm - Sell",4520.629,159.241,1000.03,1000.01,-0.02,No Flip,0
2026-05-26 13:08:44.231,XAUUSDm,USDJPYm,"XAUUSDm - Buy, USDJPYm - Sell",4520.629,159.241,1000.03,1000.01,-0.02,No Flip,0
2026-05-26 13:08:44.282,XAUUSDm,USDJPYm,"XAUUSDm - Buy, USDJPYm - Sell",4520.629,159.241,1000.03,1000.01,-0.02,No Flip,0
2026-05-26 13:08:44.333,XAUUSDm,USDJPYm,"XAUUSDm - Buy, USDJPYm - Sell",4520.629,159.241,1000.03,1000.01,-0.02,No Flip,0
2026-05-26 13:08:44.383,XAUUSDm,USDJPYm,"XAUUSDm - Buy, USDJPYm - Sell",4520.629,159.241,1000.03,1000.01,-0.02,No Flip,0
2026-05-26 13:08:44.434,XAUUSDm,USDJPYm,"XAUUSDm - Buy, USDJPYm - Sell",4520.629,159.241,1000.03,1000.01,-0.02,No Flip,0
2026-05-26 13:08:44.484,XAUUSDm,USDJPYm,"XAUUSDm - Buy, USDJPYm - Sell",4520.629,159.241,1000.03,1000.01,-0.02,No Flip,0
2026-05-26 13:08:44.536,XAUUSDm,USDJPYm,"XAUUSDm - Buy, USDJPYm - Sell",4520.629,159.241,1000.03,1000.01,-0.02,No Flip,0
2026-05-26 13:08:44.586,XAUUSDm,USDJPYm,"XAUUSDm - Buy, USDJPYm - Sell",4520.629,159.241,1000.03,1000.01,-0.02,No Flip,0
2026-05-26 13:08:44.637,XAUUSDm,USDJPYm,"XAUUSDm - Buy, USDJPYm - Sell",4520.655,159.241,1000.03,1000.01,-0.03,No Flip,0
2026-05-26 13:08:44.687,XAUUSDm,USDJPYm,"XAUUSDm - Buy, USDJPYm - Sell",4520.655,159.241,1000.03,1000.01,-0.03,No Flip,0
2026-05-26 13:08:44.738,XAUUSDm,USDJPYm,"XAUUSDm - Buy, USDJPYm - Sell",4520.655,159.241,1000.03,1000.01,-0.03,No Flip,0
2026-05-26 13:08:44.789,XAUUSDm,USDJPYm,"XAUUSDm - Buy, USDJPYm - Sell",4520.655,159.241,1000.03,1000.01,-0.03,No Flip,0
2026-05-26 13:08:44.840,XAUUSDm,USDJPYm,"XAUUSDm - Buy, USDJPYm - Sell",4520.655,159.241,1000.03,1000.01,-0.03,No Flip,0
2026-05-26 13:08:44.891,XAUUSDm,USDJPYm,"XAUUSDm - Buy, USDJPYm - Sell",4520.655,159.241,1000.03,1000.01,-0.03,No Flip,0
2026-05-26 13:08:44.941,XAUUSDm,USDJPYm,"XAUUSDm - Buy, USDJPYm - Sell",4520.655,159.241,1000.03,1000.01,-0.03,No Flip,0
2026-05-26 13:08:44.992,XAUUSDm,USDJPYm,"XAUUSDm - Buy, USDJPYm - Sell",4520.655,159.241,1000.03,1000.01,-0.03,No Flip,0
2026-05-26 13:08:45.043,XAUUSDm,USDJPYm,"XAUUSDm - Buy, USDJPYm - Sell",4520.655,159.241,1000.03,1000.01,-0.03,No Flip,0
2026-05-26 13:08:45.093,XAUUSDm,USDJPYm,"XAUUSDm - Buy, USDJPYm - Sell",4520.655,159.241,1000.03,1000.01,-0.03,No Flip,0
2026-05-26 13:08:45.144,XAUUSDm,USDJPYm,"XAUUSDm - Buy, USDJPYm - Sell",4520.655,159.241,1000.03,1000.01,-0.03,No Flip,0
2026-05-26 13:08:45.195,XAUUSDm,USDJPYm,"XAUUSDm - Buy, USDJPYm - Sell",4520.655,159.241,1000.03,1000.01,-0.03,No Flip,0
2026-05-26 13:08:45.245,XAUUSDm,USDJPYm,"XAUUSDm - Buy, USDJPYm - Sell",4520.655,159.241,1000.03,1000.01,-0.03,No Flip,0
2026-05-26 13:08:45.296,XAUUSDm,USDJPYm,"XAUUSDm - Buy, USDJPYm - Sell",4520.655,159.241,1000.03,1000.01,-0.03,No Flip,0
2026-05-26 13:08:45.346,XAUUSDm,USDJPYm,"XAUUSDm - Buy, USDJPYm - Sell",4520.655,159.241,1000.03,1000.01,-0.03,No Flip,0
2026-05-26 13:08:45.397,XAUUSDm,USDJPYm,"XAUUSDm - Buy, USDJPYm - Sell",4520.655,159.241,1000.03,1000.01,-0.03,No Flip,0
2026-05-26 13:08:45.448,XAUUSDm,USDJPYm,"XAUUSDm - Buy, USDJPYm - Sell",4520.655,159.241,1000.03,1000.01,-0.03,No Flip,0
2026-05-26 13:08:45.498,XAUUSDm,USDJPYm,"XAUUSDm - Buy, USDJPYm - Sell",4520.655,159.241,1000.03,1000.01,-0.03,No Flip,0
2026-05-26 13:08:45.549,XAUUSDm,USDJPYm,"XAUUSDm - Buy, USDJPYm - Sell",4520.655,159.241,1000.03,1000.01,-0.03,No Flip,0
2026-05-26 13:08:45.600,XAUUSDm,USDJPYm,"XAUUSDm - Buy, USDJPYm - Sell",4520.889,159.241,1000.09,1000.01,-0.08,No Flip,0
2026-05-26 13:08:45.651,XAUUSDm,USDJPYm,"XAUUSDm - Buy, USDJPYm - Sell",4520.889,159.241,1000.09,1000.01,-0.08,No Flip,0
2026-05-26 13:08:45.702,XAUUSDm,USDJPYm,"XAUUSDm - Buy, USDJPYm - Sell",4520.889,159.241,1000.09,1000.01,-0.08,No Flip,0
2026-05-26 13:08:45.752,XAUUSDm,USDJPYm,"XAUUSDm - Buy, USDJPYm - Sell",4520.889,159.241,1000.09,1000.01,-0.08,No Flip,0
2026-05-26 13:08:45.804,XAUUSDm,USDJPYm,"XAUUSDm - Buy, USDJPYm - Sell",4520.889,159.241,1000.09,1000.01,-0.08,No Flip,0
2026-05-26 13:08:45.855,XAUUSDm,USDJPYm,"XAUUSDm - Buy, USDJPYm - Sell",4520.889,159.241,1000.09,1000.01,-0.08,No Flip,0
2026-05-26 13:08:45.906,XAUUSDm,USDJPYm,"XAUUSDm - Buy, USDJPYm - Sell",4520.889,159.241,1000.09,1000.01,-0.08,No Flip,0
2026-05-26 13:08:45.957,XAUUSDm,USDJPYm,"XAUUSDm - Buy, USDJPYm - Sell",4520.889,159.241,1000.09,1000.01,-0.08,No Flip,0
2026-05-26 13:08:46.008,XAUUSDm,USDJPYm,"XAUUSDm - Buy, USDJPYm - Sell",4520.889,159.241,1000.09,1000.01,-0.08,No Flip,0
2026-05-26 13:08:46.058,XAUUSDm,USDJPYm,"XAUUSDm - Buy, USDJPYm - Sell",4520.889,159.241,1000.09,1000.01,-0.08,No Flip,0
2026-05-26 13:08:46.110,XAUUSDm,USDJPYm,"XAUUSDm - Buy, USDJPYm - Sell",4520.889,159.241,1000.09,1000.01,-0.08,No Flip,0
2026-05-26 13:08:46.160,XAUUSDm,USDJPYm,"XAUUSDm - Buy, USDJPYm - Sell",4520.889,159.241,1000.09,1000.01,-0.08,No Flip,0
2026-05-26 13:08:46.211,XAUUSDm,USDJPYm,"XAUUSDm - Buy, USDJPYm - Sell",4520.889,159.241,1000.09,1000.01,-0.08,No Flip,0
2026-05-26 13:08:46.262,XAUUSDm,USDJPYm,"XAUUSDm - Buy, USDJPYm - Sell",4520.889,159.241,1000.09,1000.01,-0.08,No Flip,0
2026-05-26 13:08:46.313,XAUUSDm,USDJPYm,"XAUUSDm - Buy, USDJPYm - Sell",4520.656,159.241,1000.03,1000.01,-0.03,No Flip,0
2026-05-26 13:08:46.363,XAUUSDm,USDJPYm,"XAUUSDm - Buy, USDJPYm - Sell",4520.656,159.241,1000.03,1000.01,-0.03,No Flip,0
2026-05-26 13:08:46.414,XAUUSDm,USDJPYm,"XAUUSDm - Buy, USDJPYm - Sell",4520.656,159.241,1000.03,1000.01,-0.03,No Flip,0
2026-05-26 13:08:46.464,XAUUSDm,USDJPYm,"XAUUSDm - Buy, USDJPYm - Sell",4520.656,159.241,1000.03,1000.01,-0.03,No Flip,0
2026-05-26 13:08:46.515,XAUUSDm,USDJPYm,"XAUUSDm - Buy, USDJPYm - Sell",4520.656,159.241,1000.03,1000.01,-0.03,No Flip,0
2026-05-26 13:08:46.566,XAUUSDm,USDJPYm,"XAUUSDm - Buy, USDJPYm - Sell",4520.656,159.241,1000.03,1000.01,-0.03,No Flip,0
2026-05-26 13:08:46.616,XAUUSDm,USDJPYm,"XAUUSDm - Buy, USDJPYm - Sell",4520.656,159.241,1000.03,1000.01,-0.03,No Flip,0
2026-05-26 13:08:46.667,XAUUSDm,USDJPYm,"XAUUSDm - Buy, USDJPYm - Sell",4520.656,159.241,1000.03,1000.01,-0.03,No Flip,0
2026-05-26 13:08:46.718,XAUUSDm,USDJPYm,"XAUUSDm - Buy, USDJPYm - Sell",4520.656,159.241,1000.03,1000.01,-0.03,No Flip,0
2026-05-26 13:08:46.769,XAUUSDm,USDJPYm,"XAUUSDm - Buy, USDJPYm - Sell",4520.656,159.241,1000.03,1000.01,-0.03,No Flip,0
2026-05-26 13:08:46.820,XAUUSDm,USDJPYm,"XAUUSDm - Buy, USDJPYm - Sell",4520.656,159.241,1000.03,1000.01,-0.03,No Flip,0
2026-05-26 13:08:46.871,XAUUSDm,USDJPYm,"XAUUSDm - Buy, USDJPYm - Sell",4520.656,159.241,1000.03,1000.01,-0.03,No Flip,0
2026-05-26 13:08:46.922,XAUUSDm,USDJPYm,"XAUUSDm - Buy, USDJPYm - Sell",4520.656,159.241,1000.03,1000.01,-0.03,No Flip,0
2026-05-26 13:08:46.973,XAUUSDm,USDJPYm,"XAUUSDm - Buy, USDJPYm - Sell",4520.656,159.241,1000.03,1000.01,-0.03,No Flip,0
2026-05-26 13:08:47.025,XAUUSDm,USDJPYm,"XAUUSDm - Buy, USDJPYm - Sell",4520.656,159.241,1000.03,1000.01,-0.03,No Flip,0
2026-05-26 13:08:47.076,XAUUSDm,USDJPYm,"XAUUSDm - Buy, USDJPYm - Sell",4520.656,159.241,1000.03,1000.01,-0.03,No Flip,0
2026-05-26 13:08:47.127,XAUUSDm,USDJPYm,"XAUUSDm - Buy, USDJPYm - Sell",4520.656,159.241,1000.03,1000.01,-0.03,No Flip,0
2026-05-26 13:08:47.178,XAUUSDm,USDJPYm,"XAUUSDm - Buy, USDJPYm - Sell",4520.656,159.241,1000.03,1000.01,-0.03,No Flip,0
2026-05-26 13:08:47.228,XAUUSDm,USDJPYm,"XAUUSDm - Buy, USDJPYm - Sell",4520.656,159.241,1000.03,1000.01,-0.03,No Flip,0
2026-05-26 13:08:47.280,XAUUSDm,USDJPYm,"XAUUSDm - Buy, USDJPYm - Sell",4520.656,159.241,1000.03,1000.01,-0.03,No Flip,0
2026-05-26 13:08:47.331,XAUUSDm,USDJPYm,"XAUUSDm - Buy, USDJPYm - Sell",4520.656,159.241,1000.03,1000.01,-0.03,No Flip,0
2026-05-26 13:09:01.050,XAUUSDm,USDJPYm,"XAUUSDm - Buy, USDJPYm - Sell",4520.89,159.239,999.99,999.99,-0.0,No Flip,0
2026-05-26 13:09:01.101,XAUUSDm,USDJPYm,"XAUUSDm - Buy, USDJPYm - Sell",4520.89,159.24,999.99,999.99,0.01,No Flip,0
2026-05-26 13:09:01.152,XAUUSDm,USDJPYm,"XAUUSDm - Buy, USDJPYm - Sell",4520.79,159.24,999.97,999.99,0.03,No Flip,0
2026-05-26 13:09:01.203,XAUUSDm,USDJPYm,"XAUUSDm - Buy, USDJPYm - Sell",4520.79,159.24,999.97,999.99,0.03,No Flip,0
2026-05-26 13:09:01.253,XAUUSDm,USDJPYm,"XAUUSDm - Buy, USDJPYm - Sell",4520.79,159.24,999.97,999.99,0.03,No Flip,0
2026-05-26 13:09:01.304,XAUUSDm,USDJPYm,"XAUUSDm - Buy, USDJPYm - Sell",4520.79,159.24,999.97,999.99,0.03,No Flip,0
2026-05-26 13:09:01.355,XAUUSDm,USDJPYm,"XAUUSDm - Buy, USDJPYm - Sell",4520.79,159.24,999.97,999.99,0.03,No Flip,0
2026-05-26 13:09:01.406,XAUUSDm,USDJPYm,"XAUUSDm - Buy, USDJPYm - Sell",4520.79,159.24,999.97,999.99,0.03,No Flip,0
2026-05-26 13:09:01.456,XAUUSDm,USDJPYm,"XAUUSDm - Buy, USDJPYm - Sell",4520.79,159.24,999.97,999.99,0.03,No Flip,0
2026-05-26 13:09:01.507,XAUUSDm,USDJPYm,"XAUUSDm - Buy, USDJPYm - Sell",4520.79,159.24,999.97,999.99,0.03,No Flip,0
2026-05-26 13:09:01.557,XAUUSDm,USDJPYm,"XAUUSDm - Buy, USDJPYm - Sell",4520.79,159.24,999.97,999.99,0.03,No Flip,0
2026-05-26 13:09:01.608,XAUUSDm,USDJPYm,"XAUUSDm - Buy, USDJPYm - Sell",4520.79,159.24,999.97,999.99,0.03,No Flip,0
2026-05-26 13:09:01.658,XAUUSDm,USDJPYm,"XAUUSDm - Buy, USDJPYm - Sell",4520.79,159.24,999.97,999.99,0.03,No Flip,0
2026-05-26 13:09:01.709,XAUUSDm,USDJPYm,"XAUUSDm - Buy, USDJPYm - Sell",4520.79,159.24,999.97,999.99,0.03,No Flip,0
2026-05-26 13:09:01.760,XAUUSDm,USDJPYm,"XAUUSDm - Buy, USDJPYm - Sell",4520.79,159.24,999.97,999.99,0.03,No Flip,0
2026-05-26 13:09:01.810,XAUUSDm,USDJPYm,"XAUUSDm - Buy, USDJPYm - Sell",4520.79,159.24,999.97,999.99,0.03,No Flip,0
2026-05-26 13:09:01.861,XAUUSDm,USDJPYm,"XAUUSDm - Buy, USDJPYm - Sell",4520.79,159.24,999.97,999.99,0.03,No Flip,0
2026-05-26 13:09:01.911,XAUUSDm,USDJPYm,"XAUUSDm - Buy, USDJPYm - Sell",4520.79,159.24,999.97,999.99,0.03,No Flip,0
2026-05-26 13:09:01.962,XAUUSDm,USDJPYm,"XAUUSDm - Buy, USDJPYm - Sell",4520.79,159.24,999.97,999.99,0.03,No Flip,0
2026-05-26 13:09:02.013,XAUUSDm,USDJPYm,"XAUUSDm - Buy, USDJPYm - Sell",4520.79,159.24,999.97,999.99,0.03,No Flip,0
2026-05-26 13:09:02.064,XAUUSDm,USDJPYm,"XAUUSDm - Buy, USDJPYm - Sell",4520.79,159.24,999.97,999.99,0.03,No Flip,0
2026-05-26 13:09:02.115,XAUUSDm,USDJPYm,"XAUUSDm - Buy, USDJPYm - Sell",4520.79,159.24,999.97,999.99,0.03,No Flip,0
2026-05-26 13:09:02.166,XAUUSDm,USDJPYm,"XAUUSDm - Buy, USDJPYm - Sell",4520.79,159.24,999.97,999.99,0.03,No Flip,0
2026-05-26 13:09:02.217,XAUUSDm,USDJPYm,"XAUUSDm - Buy, USDJPYm - Sell",4520.79,159.24,999.97,999.99,0.03,No Flip,0
2026-05-26 13:09:02.268,XAUUSDm,USDJPYm,"XAUUSDm - Buy, USDJPYm - Sell",4520.645,159.24,999.93,999.99,0.06,No Flip,0
2026-05-26 13:09:02.318,XAUUSDm,USDJPYm,"XAUUSDm - Buy, USDJPYm - Sell",4520.645,159.24,999.93,999.99,0.06,No Flip,0
2026-05-26 13:09:02.369,XAUUSDm,USDJPYm,"XAUUSDm - Buy, USDJPYm - Sell",4520.645,159.24,999.93,999.99,0.06,No Flip,0
2026-05-26 13:09:02.420,XAUUSDm,USDJPYm,"XAUUSDm - Buy, USDJPYm - Sell",4520.645,159.24,999.93,999.99,0.06,No Flip,0
2026-05-26 13:09:02.471,XAUUSDm,USDJPYm,"XAUUSDm - Buy, USDJPYm - Sell",4520.645,159.24,999.93,999.99,0.06,No Flip,0
2026-05-26 13:09:02.522,XAUUSDm,USDJPYm,"XAUUSDm - Buy, USDJPYm - Sell",4520.645,159.24,999.93,999.99,0.06,No Flip,0
2026-05-26 13:09:02.573,XAUUSDm,USDJPYm,"XAUUSDm - Buy, USDJPYm - Sell",4520.645,159.24,999.93,999.99,0.06,No Flip,0
2026-05-26 13:09:02.624,XAUUSDm,USDJPYm,"XAUUSDm - Buy, USDJPYm - Sell",4520.645,159.24,999.93,999.99,0.06,No Flip,0
2026-05-26 13:09:02.674,XAUUSDm,USDJPYm,"XAUUSDm - Buy, USDJPYm - Sell",4520.645,159.24,999.93,999.99,0.06,No Flip,0
2026-05-26 13:09:02.725,XAUUSDm,USDJPYm,"XAUUSDm - Buy, USDJPYm - Sell",4520.645,159.24,999.93,999.99,0.06,No Flip,0
2026-05-26 13:09:02.775,XAUUSDm,USDJPYm,"XAUUSDm - Buy, USDJPYm - Sell",4520.645,159.24,999.93,999.99,0.06,No Flip,0
2026-05-26 13:09:02.827,XAUUSDm,USDJPYm,"XAUUSDm - Buy, USDJPYm - Sell",4520.645,159.24,999.93,999.99,0.06,No Flip,0
2026-05-26 13:09:02.878,XAUUSDm,USDJPYm,"XAUUSDm - Buy, USDJPYm - Sell",4520.645,159.24,999.93,999.99,0.06,No Flip,0
2026-05-26 13:09:02.928,XAUUSDm,USDJPYm,"XAUUSDm - Buy, USDJPYm - Sell",4520.636,159.24,999.93,999.99,0.06,No Flip,0
2026-05-26 13:09:02.979,XAUUSDm,USDJPYm,"XAUUSDm - Buy, USDJPYm - Sell",4520.636,159.24,999.93,999.99,0.06,No Flip,0
2026-05-26 13:09:03.030,XAUUSDm,USDJPYm,"XAUUSDm - Buy, USDJPYm - Sell",4520.636,159.24,999.93,999.99,0.06,No Flip,0
2026-05-26 13:09:03.081,XAUUSDm,USDJPYm,"XAUUSDm - Buy, USDJPYm - Sell",4520.636,159.24,999.93,999.99,0.06,No Flip,0
2026-05-26 13:09:03.133,XAUUSDm,USDJPYm,"XAUUSDm - Buy, USDJPYm - Sell",4520.636,159.24,999.93,999.99,0.06,No Flip,0
2026-05-26 13:09:03.184,XAUUSDm,USDJPYm,"XAUUSDm - Buy, USDJPYm - Sell",4520.636,159.24,999.93,999.99,0.06,No Flip,0
2026-05-26 13:09:03.234,XAUUSDm,USDJPYm,"XAUUSDm - Buy, USDJPYm - Sell",4520.636,159.24,999.93,999.99,0.06,No Flip,0
2026-05-26 13:09:03.285,XAUUSDm,USDJPYm,"XAUUSDm - Buy, USDJPYm - Sell",4520.636,159.24,999.93,999.99,0.06,No Flip,0
2026-05-26 13:09:03.336,XAUUSDm,USDJPYm,"XAUUSDm - Buy, USDJPYm - Sell",4520.636,159.24,999.93,999.99,0.06,No Flip,0
2026-05-26 13:09:03.387,XAUUSDm,USDJPYm,"XAUUSDm - Buy, USDJPYm - Sell",4520.636,159.24,999.93,999.99,0.06,No Flip,0
2026-05-26 13:09:03.438,XAUUSDm,USDJPYm,"XAUUSDm - Buy, USDJPYm - Sell",4520.636,159.24,999.93,999.99,0.06,No Flip,0
2026-05-26 13:09:03.489,XAUUSDm,USDJPYm,"XAUUSDm - Buy, USDJPYm - Sell",4520.636,159.24,999.93,999.99,0.06,No Flip,0
2026-05-26 13:09:03.540,XAUUSDm,USDJPYm,"XAUUSDm - Buy, USDJPYm - Sell",4520.636,159.24,999.93,999.99,0.06,No Flip,0
2026-05-26 13:09:03.591,XAUUSDm,USDJPYm,"XAUUSDm - Buy, USDJPYm - Sell",4520.636,159.24,999.93,999.99,0.06,No Flip,0
2026-05-26 13:09:03.641,XAUUSDm,USDJPYm,"XAUUSDm - Buy, USDJPYm - Sell",4520.636,159.24,999.93,999.99,0.06,No Flip,0
2026-05-26 13:09:03.692,XAUUSDm,USDJPYm,"XAUUSDm - Buy, USDJPYm - Sell",4520.636,159.24,999.93,999.99,0.06,No Flip,0
2026-05-26 13:09:03.743,XAUUSDm,USDJPYm,"XAUUSDm - Buy, USDJPYm - Sell",4520.636,159.24,999.93,999.99,0.06,No Flip,0
2026-05-26 13:09:03.794,XAUUSDm,USDJPYm,"XAUUSDm - Buy, USDJPYm - Sell",4520.636,159.24,999.93,999.99,0.06,No Flip,0
2026-05-26 13:09:03.845,XAUUSDm,USDJPYm,"XAUUSDm - Buy, USDJPYm - Sell",4520.636,159.24,999.93,999.99,0.06,No Flip,0
2026-05-26 13:09:03.896,XAUUSDm,USDJPYm,"XAUUSDm - Buy, USDJPYm - Sell",4520.636,159.24,999.93,999.99,0.06,No Flip,0
2026-05-26 13:09:03.947,XAUUSDm,USDJPYm,"XAUUSDm - Buy, USDJPYm - Sell",4520.552,159.24,999.91,999.99,0.08,No Flip,0
2026-05-26 13:09:03.997,XAUUSDm,USDJPYm,"XAUUSDm - Buy, USDJPYm - Sell",4520.552,159.24,999.91,999.99,0.08,No Flip,0
2026-05-26 13:09:04.048,XAUUSDm,USDJPYm,"XAUUSDm - Buy, USDJPYm - Sell",4520.608,159.24,999.93,999.99,0.07,No Flip,0
2026-05-26 13:09:04.099,XAUUSDm,USDJPYm,"XAUUSDm - Buy, USDJPYm - Sell",4520.608,159.24,999.93,999.99,0.07,No Flip,0
2026-05-26 13:09:04.149,XAUUSDm,USDJPYm,"XAUUSDm - Buy, USDJPYm - Sell",4520.904,159.24,999.99,999.99,0.0,No Flip,0
2026-05-26 13:09:04.200,XAUUSDm,USDJPYm,"XAUUSDm - Buy, USDJPYm - Sell",4520.904,159.24,999.99,999.99,0.0,No Flip,0
2026-05-26 13:09:04.251,XAUUSDm,USDJPYm,"XAUUSDm - Buy, USDJPYm - Sell",4520.904,159.24,999.99,999.99,0.0,No Flip,0
2026-05-26 13:09:04.302,XAUUSDm,USDJPYm,"XAUUSDm - Buy, USDJPYm - Sell",4520.904,159.24,999.99,999.99,0.0,No Flip,0
2026-05-26 13:09:04.353,XAUUSDm,USDJPYm,"XAUUSDm - Buy, USDJPYm - Sell",4520.904,159.24,999.99,999.99,0.0,No Flip,0
2026-05-26 13:09:04.404,XAUUSDm,USDJPYm,"XAUUSDm - Buy, USDJPYm - Sell",4520.904,159.24,999.99,999.99,0.0,No Flip,0
2026-05-26 13:09:04.455,XAUUSDm,USDJPYm,"XAUUSDm - Buy, USDJPYm - Sell",4520.904,159.24,999.99,999.99,0.0,No Flip,0
2026-05-26 13:09:04.505,XAUUSDm,USDJPYm,"XAUUSDm - Buy, USDJPYm - Sell",4520.904,159.24,999.99,999.99,0.0,No Flip,0
2026-05-26 13:09:04.556,XAUUSDm,USDJPYm,"XAUUSDm - Buy, USDJPYm - Sell",4520.904,159.24,999.99,999.99,0.0,No Flip,0
2026-05-26 13:09:04.607,XAUUSDm,USDJPYm,"XAUUSDm - Buy, USDJPYm - Sell",4520.904,159.24,999.99,999.99,0.0,No Flip,0
2026-05-26 13:09:04.657,XAUUSDm,USDJPYm,"XAUUSDm - Buy, USDJPYm - Sell",4520.904,159.24,999.99,999.99,0.0,No Flip,0
2026-05-26 13:09:04.708,XAUUSDm,USDJPYm,"XAUUSDm - Buy, USDJPYm - Sell",4520.904,159.24,999.99,999.99,0.0,No Flip,0
2026-05-26 13:09:04.758,XAUUSDm,USDJPYm,"XAUUSDm - Buy, USDJPYm - Sell",4520.904,159.24,999.99,999.99,0.0,No Flip,0
2026-05-26 13:09:04.809,XAUUSDm,USDJPYm,"XAUUSDm - Buy, USDJPYm - Sell",4520.904,159.24,999.99,999.99,0.0,No Flip,0
2026-05-26 13:09:04.860,XAUUSDm,USDJPYm,"XAUUSDm - Buy, USDJPYm - Sell",4520.904,159.24,999.99,999.99,0.0,No Flip,0
2026-05-26 13:09:04.910,XAUUSDm,USDJPYm,"XAUUSDm - Buy, USDJPYm - Sell",4520.904,159.24,999.99,999.99,0.0,No Flip,0
2026-05-26 13:09:04.961,XAUUSDm,USDJPYm,"XAUUSDm - Buy, USDJPYm - Sell",4520.904,159.24,999.99,999.99,0.0,No Flip,0
2026-05-26 13:09:05.012,XAUUSDm,USDJPYm,"XAUUSDm - Buy, USDJPYm - Sell",4520.904,159.24,999.99,999.99,0.0,No Flip,0
2026-05-26 13:09:05.063,XAUUSDm,USDJPYm,"XAUUSDm - Buy, USDJPYm - Sell",4520.904,159.24,999.99,999.99,0.0,No Flip,0
2026-05-26 13:09:05.114,XAUUSDm,USDJPYm,"XAUUSDm - Buy, USDJPYm - Sell",4520.904,159.24,999.99,999.99,0.0,No Flip,0
2026-05-26 13:09:05.165,XAUUSDm,USDJPYm,"XAUUSDm - Buy, USDJPYm - Sell",4520.904,159.24,999.99,999.99,0.0,No Flip,0
2026-05-26 13:09:05.216,XAUUSDm,USDJPYm,"XAUUSDm - Buy, USDJPYm - Sell",4520.904,159.24,999.99,999.99,0.0,No Flip,0
2026-05-26 13:09:05.267,XAUUSDm,USDJPYm,"XAUUSDm - Buy, USDJPYm - Sell",4520.904,159.24,999.99,999.99,0.0,No Flip,0
2026-05-26 13:09:05.317,XAUUSDm,USDJPYm,"XAUUSDm - Buy, USDJPYm - Sell",4520.904,159.24,999.99,999.99,0.0,No Flip,0
2026-05-26 13:09:05.368,XAUUSDm,USDJPYm,"XAUUSDm - Buy, USDJPYm - Sell",4520.962,159.24,1000.0,999.99,-0.01,No Flip,0
2026-05-26 13:09:05.418,XAUUSDm,USDJPYm,"XAUUSDm - Buy, USDJPYm - Sell",4520.962,159.24,1000.0,999.99,-0.01,No Flip,0
2026-05-26 13:09:05.469,XAUUSDm,USDJPYm,"XAUUSDm - Buy, USDJPYm - Sell",4520.962,159.24,1000.0,999.99,-0.01,No Flip,0
2026-05-26 13:09:05.520,XAUUSDm,USDJPYm,"XAUUSDm - Buy, USDJPYm - Sell",4520.962,159.24,1000.0,999.99,-0.01,No Flip,0
2026-05-26 13:09:05.571,XAUUSDm,USDJPYm,"XAUUSDm - Buy, USDJPYm - Sell",4520.962,159.24,1000.0,999.99,-0.01,No Flip,0
2026-05-26 13:09:05.621,XAUUSDm,USDJPYm,"XAUUSDm - Buy, USDJPYm - Sell",4520.962,159.24,1000.0,999.99,-0.01,No Flip,0
2026-05-26 13:09:05.673,XAUUSDm,USDJPYm,"XAUUSDm - Buy, USDJPYm - Sell",4520.962,159.24,1000.0,999.99,-0.01,No Flip,0
2026-05-26 13:09:05.723,XAUUSDm,USDJPYm,"XAUUSDm - Buy, USDJPYm - Sell",4520.962,159.24,1000.0,999.99,-0.01,No Flip,0
2026-05-26 13:09:05.773,XAUUSDm,USDJPYm,"XAUUSDm - Buy, USDJPYm - Sell",4520.962,159.24,1000.0,999.99,-0.01,No Flip,0
2026-05-26 13:09:05.824,XAUUSDm,USDJPYm,"XAUUSDm - Buy, USDJPYm - Sell",4520.962,159.24,1000.0,999.99,-0.01,No Flip,0
2026-05-26 13:09:05.875,XAUUSDm,USDJPYm,"XAUUSDm - Buy, USDJPYm - Sell",4520.962,159.24,1000.0,999.99,-0.01,No Flip,0
2026-05-26 13:09:05.926,XAUUSDm,USDJPYm,"XAUUSDm - Buy, USDJPYm - Sell",4520.962,159.24,1000.0,999.99,-0.01,No Flip,0
2026-05-26 13:09:05.977,XAUUSDm,USDJPYm,"XAUUSDm - Buy, USDJPYm - Sell",4520.962,159.24,1000.0,999.99,-0.01,No Flip,0
2026-05-26 13:09:06.028,XAUUSDm,USDJPYm,"XAUUSDm - Buy, USDJPYm - Sell",4520.962,159.24,1000.0,999.99,-0.01,No Flip,0
2026-05-26 13:09:06.079,XAUUSDm,USDJPYm,"XAUUSDm - Buy, USDJPYm - Sell",4520.962,159.24,1000.0,999.99,-0.01,No Flip,0
2026-05-26 13:09:06.130,XAUUSDm,USDJPYm,"XAUUSDm - Buy, USDJPYm - Sell",4520.962,159.24,1000.0,999.99,-0.01,No Flip,0
2026-05-26 13:09:06.180,XAUUSDm,USDJPYm,"XAUUSDm - Buy, USDJPYm - Sell",4520.962,159.24,1000.0,999.99,-0.01,No Flip,0
2026-05-26 13:09:06.231,XAUUSDm,USDJPYm,"XAUUSDm - Buy, USDJPYm - Sell",4520.962,159.24,1000.0,999.99,-0.01,No Flip,0
2026-05-26 13:09:06.282,XAUUSDm,USDJPYm,"XAUUSDm - Buy, USDJPYm - Sell",4520.962,159.24,1000.0,999.99,-0.01,No Flip,0
2026-05-26 13:09:06.333,XAUUSDm,USDJPYm,"XAUUSDm - Buy, USDJPYm - Sell",4520.962,159.24,1000.0,999.99,-0.01,No Flip,0
2026-05-26 13:09:06.384,XAUUSDm,USDJPYm,"XAUUSDm - Buy, USDJPYm - Sell",4520.962,159.24,1000.0,999.99,-0.01,No Flip,0
2026-05-26 13:09:06.435,XAUUSDm,USDJPYm,"XAUUSDm - Buy, USDJPYm - Sell",4520.962,159.24,1000.0,999.99,-0.01,No Flip,0
2026-05-26 13:09:06.485,XAUUSDm,USDJPYm,"XAUUSDm - Buy, USDJPYm - Sell",4520.962,159.24,1000.0,999.99,-0.01,No Flip,0
2026-05-26 13:09:06.536,XAUUSDm,USDJPYm,"XAUUSDm - Buy, USDJPYm - Sell",4520.962,159.24,1000.0,999.99,-0.01,No Flip,0
2026-05-26 13:09:06.587,XAUUSDm,USDJPYm,"XAUUSDm - Buy, USDJPYm - Sell",4520.962,159.24,1000.0,999.99,-0.01,No Flip,0
2026-05-26 13:09:06.638,XAUUSDm,USDJPYm,"XAUUSDm - Buy, USDJPYm - Sell",4520.962,159.24,1000.0,999.99,-0.01,No Flip,0
2026-05-26 13:09:06.688,XAUUSDm,USDJPYm,"XAUUSDm - Buy, USDJPYm - Sell",4520.962,159.24,1000.0,999.99,-0.01,No Flip,0
2026-05-26 13:09:06.739,XAUUSDm,USDJPYm,"XAUUSDm - Buy, USDJPYm - Sell",4520.954,159.24,1000.0,999.99,-0.01,No Flip,0
2026-05-26 13:09:06.790,XAUUSDm,USDJPYm,"XAUUSDm - Buy, USDJPYm - Sell",4520.954,159.24,1000.0,999.99,-0.01,No Flip,0
2026-05-26 13:09:06.840,XAUUSDm,USDJPYm,"XAUUSDm - Buy, USDJPYm - Sell",4520.954,159.24,1000.0,999.99,-0.01,No Flip,0
2026-05-26 13:09:06.891,XAUUSDm,USDJPYm,"XAUUSDm - Buy, USDJPYm - Sell",4520.954,159.24,1000.0,999.99,-0.01,No Flip,0
2026-05-26 13:09:06.942,XAUUSDm,USDJPYm,"XAUUSDm - Buy, USDJPYm - Sell",4520.954,159.24,1000.0,999.99,-0.01,No Flip,0
2026-05-26 13:09:06.993,XAUUSDm,USDJPYm,"XAUUSDm - Buy, USDJPYm - Sell",4520.954,159.24,1000.0,999.99,-0.01,No Flip,0
2026-05-26 13:09:07.043,XAUUSDm,USDJPYm,"XAUUSDm - Buy, USDJPYm - Sell",4520.954,159.24,1000.0,999.99,-0.01,No Flip,0
2026-05-26 13:09:07.094,XAUUSDm,USDJPYm,"XAUUSDm - Buy, USDJPYm - Sell",4520.954,159.24,1000.0,999.99,-0.01,No Flip,0
2026-05-26 13:09:07.145,XAUUSDm,USDJPYm,"XAUUSDm - Buy, USDJPYm - Sell",4520.954,159.24,1000.0,999.99,-0.01,No Flip,0
2026-05-26 13:09:07.195,XAUUSDm,USDJPYm,"XAUUSDm - Buy, USDJPYm - Sell",4520.954,159.24,1000.0,999.99,-0.01,No Flip,0
2026-05-26 13:09:07.246,XAUUSDm,USDJPYm,"XAUUSDm - Buy, USDJPYm - Sell",4520.954,159.24,1000.0,999.99,-0.01,No Flip,0
2026-05-26 13:09:07.297,XAUUSDm,USDJPYm,"XAUUSDm - Buy, USDJPYm - Sell",4520.954,159.24,1000.0,999.99,-0.01,No Flip,0
2026-05-26 13:09:07.348,XAUUSDm,USDJPYm,"XAUUSDm - Buy, USDJPYm - Sell",4520.954,159.24,1000.0,999.99,-0.01,No Flip,0
2026-05-26 13:09:07.399,XAUUSDm,USDJPYm,"XAUUSDm - Buy, USDJPYm - Sell",4520.954,159.24,1000.0,999.99,-0.01,No Flip,0
2026-05-26 13:09:07.449,XAUUSDm,USDJPYm,"XAUUSDm - Buy, USDJPYm - Sell",4520.954,159.24,1000.0,999.99,-0.01,No Flip,0
2026-05-26 13:09:07.500,XAUUSDm,USDJPYm,"XAUUSDm - Buy, USDJPYm - Sell",4520.954,159.24,1000.0,999.99,-0.01,No Flip,0
2026-05-26 13:09:07.551,XAUUSDm,USDJPYm,"XAUUSDm - Buy, USDJPYm - Sell",4520.954,159.24,1000.0,999.99,-0.01,No Flip,0
2026-05-26 13:09:07.602,XAUUSDm,USDJPYm,"XAUUSDm - Buy, USDJPYm - Sell",4520.954,159.24,1000.0,999.99,-0.01,No Flip,0
2026-05-26 13:09:07.652,XAUUSDm,USDJPYm,"XAUUSDm - Buy, USDJPYm - Sell",4520.954,159.24,1000.0,999.99,-0.01,No Flip,0
2026-05-26 13:09:07.703,XAUUSDm,USDJPYm,"XAUUSDm - Buy, USDJPYm - Sell",4520.954,159.24,1000.0,999.99,-0.01,No Flip,0
2026-05-26 13:09:07.754,XAUUSDm,USDJPYm,"XAUUSDm - Buy, USDJPYm - Sell",4520.954,159.24,1000.0,999.99,-0.01,No Flip,0
2026-05-26 13:09:07.805,XAUUSDm,USDJPYm,"XAUUSDm - Buy, USDJPYm - Sell",4520.815,159.24,999.97,999.99,0.02,No Flip,0
2026-05-26 13:09:07.856,XAUUSDm,USDJPYm,"XAUUSDm - Buy, USDJPYm - Sell",4520.815,159.24,999.97,999.99,0.02,No Flip,0
2026-05-26 13:09:07.906,XAUUSDm,USDJPYm,"XAUUSDm - Buy, USDJPYm - Sell",4520.815,159.24,999.97,999.99,0.02,No Flip,0
2026-05-26 13:09:07.956,XAUUSDm,USDJPYm,"XAUUSDm - Buy, USDJPYm - Sell",4520.815,159.24,999.97,999.99,0.02,No Flip,0
2026-05-26 13:09:08.007,XAUUSDm,USDJPYm,"XAUUSDm - Buy, USDJPYm - Sell",4520.815,159.24,999.97,999.99,0.02,No Flip,0
2026-05-26 13:09:08.058,XAUUSDm,USDJPYm,"XAUUSDm - Buy, USDJPYm - Sell",4520.815,159.24,999.97,999.99,0.02,No Flip,0
2026-05-26 13:09:08.109,XAUUSDm,USDJPYm,"XAUUSDm - Buy, USDJPYm - Sell",4520.815,159.24,999.97,999.99,0.02,No Flip,0
2026-05-26 13:09:08.160,XAUUSDm,USDJPYm,"XAUUSDm - Buy, USDJPYm - Sell",4520.815,159.24,999.97,999.99,0.02,No Flip,0
2026-05-26 13:09:08.211,XAUUSDm,USDJPYm,"XAUUSDm - Buy, USDJPYm - Sell",4520.815,159.24,999.97,999.99,0.02,No Flip,0
2026-05-26 13:09:08.262,XAUUSDm,USDJPYm,"XAUUSDm - Buy, USDJPYm - Sell",4520.815,159.24,999.97,999.99,0.02,No Flip,0
2026-05-26 13:09:08.314,XAUUSDm,USDJPYm,"XAUUSDm - Buy, USDJPYm - Sell",4520.815,159.24,999.97,999.99,0.02,No Flip,0
2026-05-26 13:09:08.364,XAUUSDm,USDJPYm,"XAUUSDm - Buy, USDJPYm - Sell",4520.815,159.24,999.97,999.99,0.02,No Flip,0
2026-05-26 13:09:08.415,XAUUSDm,USDJPYm,"XAUUSDm - Buy, USDJPYm - Sell",4520.815,159.24,999.97,999.99,0.02,No Flip,0
2026-05-26 13:09:08.465,XAUUSDm,USDJPYm,"XAUUSDm - Buy, USDJPYm - Sell",4520.815,159.24,999.97,999.99,0.02,No Flip,0
2026-05-26 13:09:08.516,XAUUSDm,USDJPYm,"XAUUSDm - Buy, USDJPYm - Sell",4520.815,159.24,999.97,999.99,0.02,No Flip,0
2026-05-26 13:09:08.567,XAUUSDm,USDJPYm,"XAUUSDm - Buy, USDJPYm - Sell",4520.815,159.24,999.97,999.99,0.02,No Flip,0
2026-05-26 13:09:08.618,XAUUSDm,USDJPYm,"XAUUSDm - Buy, USDJPYm - Sell",4520.815,159.24,999.97,999.99,0.02,No Flip,0
2026-05-26 13:09:08.668,XAUUSDm,USDJPYm,"XAUUSDm - Buy, USDJPYm - Sell",4520.815,159.24,999.97,999.99,0.02,No Flip,0
2026-05-26 13:09:08.719,XAUUSDm,USDJPYm,"XAUUSDm - Buy, USDJPYm - Sell",4520.815,159.24,999.97,999.99,0.02,No Flip,0
2026-05-26 13:09:08.770,XAUUSDm,USDJPYm,"XAUUSDm - Buy, USDJPYm - Sell",4520.815,159.24,999.97,999.99,0.02,No Flip,0
2026-05-26 13:09:08.821,XAUUSDm,USDJPYm,"XAUUSDm - Buy, USDJPYm - Sell",4520.815,159.24,999.97,999.99,0.02,No Flip,0
2026-05-26 13:09:08.872,XAUUSDm,USDJPYm,"XAUUSDm - Buy, USDJPYm - Sell",4520.953,159.24,1000.0,999.99,-0.01,No Flip,0
2026-05-26 13:09:08.922,XAUUSDm,USDJPYm,"XAUUSDm - Buy, USDJPYm - Sell",4520.953,159.24,1000.0,999.99,-0.01,No Flip,0
2026-05-26 13:09:08.973,XAUUSDm,USDJPYm,"XAUUSDm - Buy, USDJPYm - Sell",4520.953,159.24,1000.0,999.99,-0.01,No Flip,0
2026-05-26 13:09:09.023,XAUUSDm,USDJPYm,"XAUUSDm - Buy, USDJPYm - Sell",4520.953,159.24,1000.0,999.99,-0.01,No Flip,0
2026-05-26 13:09:09.074,XAUUSDm,USDJPYm,"XAUUSDm - Buy, USDJPYm - Sell",4520.953,159.24,1000.0,999.99,-0.01,No Flip,0
2026-05-26 13:09:09.125,XAUUSDm,USDJPYm,"XAUUSDm - Buy, USDJPYm - Sell",4520.953,159.24,1000.0,999.99,-0.01,No Flip,0
2026-05-26 13:09:09.175,XAUUSDm,USDJPYm,"XAUUSDm - Buy, USDJPYm - Sell",4520.953,159.24,1000.0,999.99,-0.01,No Flip,0
2026-05-26 13:09:09.227,XAUUSDm,USDJPYm,"XAUUSDm - Buy, USDJPYm - Sell",4520.953,159.24,1000.0,999.99,-0.01,No Flip,0
2026-05-26 13:09:09.277,XAUUSDm,USDJPYm,"XAUUSDm - Buy, USDJPYm - Sell",4520.953,159.24,1000.0,999.99,-0.01,No Flip,0
2026-05-26 13:09:09.328,XAUUSDm,USDJPYm,"XAUUSDm - Buy, USDJPYm - Sell",4520.953,159.24,1000.0,999.99,-0.01,No Flip,0
2026-05-26 13:09:09.379,XAUUSDm,USDJPYm,"XAUUSDm - Buy, USDJPYm - Sell",4520.953,159.24,1000.0,999.99,-0.01,No Flip,0
2026-05-26 13:09:09.429,XAUUSDm,USDJPYm,"XAUUSDm - Buy, USDJPYm - Sell",4520.953,159.24,1000.0,999.99,-0.01,No Flip,0
2026-05-26 13:09:09.479,XAUUSDm,USDJPYm,"XAUUSDm - Buy, USDJPYm - Sell",4520.953,159.24,1000.0,999.99,-0.01,No Flip,0
2026-05-26 13:09:09.530,XAUUSDm,USDJPYm,"XAUUSDm - Buy, USDJPYm - Sell",4520.953,159.24,1000.0,999.99,-0.01,No Flip,0
2026-05-26 13:09:09.580,XAUUSDm,USDJPYm,"XAUUSDm - Buy, USDJPYm - Sell",4520.953,159.24,1000.0,999.99,-0.01,No Flip,0
2026-05-26 13:09:09.631,XAUUSDm,USDJPYm,"XAUUSDm - Buy, USDJPYm - Sell",4520.953,159.24,1000.0,999.99,-0.01,No Flip,0
2026-05-26 13:09:09.682,XAUUSDm,USDJPYm,"XAUUSDm - Buy, USDJPYm - Sell",4520.953,159.24,1000.0,999.99,-0.01,No Flip,0
2026-05-26 13:09:09.732,XAUUSDm,USDJPYm,"XAUUSDm - Buy, USDJPYm - Sell",4520.953,159.24,1000.0,999.99,-0.01,No Flip,0
2026-05-26 13:09:09.783,XAUUSDm,USDJPYm,"XAUUSDm - Buy, USDJPYm - Sell",4520.953,159.24,1000.0,999.99,-0.01,No Flip,0
2026-05-26 13:09:09.834,XAUUSDm,USDJPYm,"XAUUSDm - Buy, USDJPYm - Sell",4520.953,159.24,1000.0,999.99,-0.01,No Flip,0
2026-05-26 13:09:09.885,XAUUSDm,USDJPYm,"XAUUSDm - Buy, USDJPYm - Sell",4520.953,159.24,1000.0,999.99,-0.01,No Flip,0
2026-05-26 13:09:09.936,XAUUSDm,USDJPYm,"XAUUSDm - Buy, USDJPYm - Sell",4520.953,159.24,1000.0,999.99,-0.01,No Flip,0
2026-05-26 13:09:09.986,XAUUSDm,USDJPYm,"XAUUSDm - Buy, USDJPYm - Sell",4520.953,159.24,1000.0,999.99,-0.01,No Flip,0
2026-05-26 13:09:10.037,XAUUSDm,USDJPYm,"XAUUSDm - Buy, USDJPYm - Sell",4520.953,159.24,1000.0,999.99,-0.01,No Flip,0
2026-05-26 13:09:10.087,XAUUSDm,USDJPYm,"XAUUSDm - Buy, USDJPYm - Sell",4520.953,159.24,1000.0,999.99,-0.01,No Flip,0
2026-05-26 13:09:10.138,XAUUSDm,USDJPYm,"XAUUSDm - Buy, USDJPYm - Sell",4520.953,159.24,1000.0,999.99,-0.01,No Flip,0
2026-05-26 13:09:10.189,XAUUSDm,USDJPYm,"XAUUSDm - Buy, USDJPYm - Sell",4520.953,159.24,1000.0,999.99,-0.01,No Flip,0
2026-05-26 13:09:10.240,XAUUSDm,USDJPYm,"XAUUSDm - Buy, USDJPYm - Sell",4520.851,159.24,999.98,999.99,0.01,No Flip,0
2026-05-26 13:09:10.291,XAUUSDm,USDJPYm,"XAUUSDm - Buy, USDJPYm - Sell",4520.851,159.24,999.98,999.99,0.01,No Flip,0
2026-05-26 13:09:10.342,XAUUSDm,USDJPYm,"XAUUSDm - Buy, USDJPYm - Sell",4520.851,159.24,999.98,999.99,0.01,No Flip,0
2026-05-26 13:09:10.392,XAUUSDm,USDJPYm,"XAUUSDm - Buy, USDJPYm - Sell",4520.851,159.24,999.98,999.99,0.01,No Flip,0
2026-05-26 13:09:10.444,XAUUSDm,USDJPYm,"XAUUSDm - Buy, USDJPYm - Sell",4520.851,159.24,999.98,999.99,0.01,No Flip,0
2026-05-26 13:09:10.495,XAUUSDm,USDJPYm,"XAUUSDm - Buy, USDJPYm - Sell",4520.851,159.24,999.98,999.99,0.01,No Flip,0
2026-05-26 13:09:10.545,XAUUSDm,USDJPYm,"XAUUSDm - Buy, USDJPYm - Sell",4520.851,159.24,999.98,999.99,0.01,No Flip,0
2026-05-26 13:09:10.596,XAUUSDm,USDJPYm,"XAUUSDm - Buy, USDJPYm - Sell",4520.796,159.24,999.97,999.99,0.03,No Flip,0
2026-05-26 13:09:10.647,XAUUSDm,USDJPYm,"XAUUSDm - Buy, USDJPYm - Sell",4520.796,159.24,999.97,999.99,0.03,No Flip,0
2026-05-26 13:09:10.698,XAUUSDm,USDJPYm,"XAUUSDm - Buy, USDJPYm - Sell",4520.796,159.24,999.97,999.99,0.03,No Flip,0
2026-05-26 13:09:10.749,XAUUSDm,USDJPYm,"XAUUSDm - Buy, USDJPYm - Sell",4520.796,159.24,999.97,999.99,0.03,No Flip,0
2026-05-26 13:09:10.799,XAUUSDm,USDJPYm,"XAUUSDm - Buy, USDJPYm - Sell",4520.796,159.24,999.97,999.99,0.03,No Flip,0
2026-05-26 13:09:10.849,XAUUSDm,USDJPYm,"XAUUSDm - Buy, USDJPYm - Sell",4520.796,159.24,999.97,999.99,0.03,No Flip,0
2026-05-26 13:09:10.901,XAUUSDm,USDJPYm,"XAUUSDm - Buy, USDJPYm - Sell",4520.796,159.24,999.97,999.99,0.03,No Flip,0
2026-05-26 13:09:10.951,XAUUSDm,USDJPYm,"XAUUSDm - Buy, USDJPYm - Sell",4520.796,159.24,999.97,999.99,0.03,No Flip,0
2026-05-26 13:09:11.002,XAUUSDm,USDJPYm,"XAUUSDm - Buy, USDJPYm - Sell",4520.796,159.24,999.97,999.99,0.03,No Flip,0
2026-05-26 13:09:11.053,XAUUSDm,USDJPYm,"XAUUSDm - Buy, USDJPYm - Sell",4520.796,159.24,999.97,999.99,0.03,No Flip,0
2026-05-26 13:09:11.105,XAUUSDm,USDJPYm,"XAUUSDm - Buy, USDJPYm - Sell",4520.796,159.24,999.97,999.99,0.03,No Flip,0
2026-05-26 13:09:11.157,XAUUSDm,USDJPYm,"XAUUSDm - Buy, USDJPYm - Sell",4520.796,159.24,999.97,999.99,0.03,No Flip,0
2026-05-26 13:09:11.208,XAUUSDm,USDJPYm,"XAUUSDm - Buy, USDJPYm - Sell",4520.796,159.24,999.97,999.99,0.03,No Flip,0
2026-05-26 13:09:11.259,XAUUSDm,USDJPYm,"XAUUSDm - Buy, USDJPYm - Sell",4520.796,159.24,999.97,999.99,0.03,No Flip,0
2026-05-26 13:09:11.310,XAUUSDm,USDJPYm,"XAUUSDm - Buy, USDJPYm - Sell",4520.796,159.24,999.97,999.99,0.03,No Flip,0
2026-05-26 13:09:11.361,XAUUSDm,USDJPYm,"XAUUSDm - Buy, USDJPYm - Sell",4520.796,159.24,999.97,999.99,0.03,No Flip,0
2026-05-26 13:09:11.412,XAUUSDm,USDJPYm,"XAUUSDm - Buy, USDJPYm - Sell",4520.796,159.24,999.97,999.99,0.03,No Flip,0
2026-05-26 13:09:11.462,XAUUSDm,USDJPYm,"XAUUSDm - Buy, USDJPYm - Sell",4520.796,159.24,999.97,999.99,0.03,No Flip,0
2026-05-26 13:09:11.513,XAUUSDm,USDJPYm,"XAUUSDm - Buy, USDJPYm - Sell",4520.796,159.24,999.97,999.99,0.03,No Flip,0
2026-05-26 13:09:11.564,XAUUSDm,USDJPYm,"XAUUSDm - Buy, USDJPYm - Sell",4520.796,159.24,999.97,999.99,0.03,No Flip,0
2026-05-26 13:09:11.615,XAUUSDm,USDJPYm,"XAUUSDm - Buy, USDJPYm - Sell",4520.796,159.24,999.97,999.99,0.03,No Flip,0
2026-05-26 13:09:11.666,XAUUSDm,USDJPYm,"XAUUSDm - Buy, USDJPYm - Sell",4520.796,159.24,999.97,999.99,0.03,No Flip,0
2026-05-26 13:09:11.717,XAUUSDm,USDJPYm,"XAUUSDm - Buy, USDJPYm - Sell",4520.796,159.24,999.97,999.99,0.03,No Flip,0
2026-05-26 13:09:11.768,XAUUSDm,USDJPYm,"XAUUSDm - Buy, USDJPYm - Sell",4521.063,159.24,1000.03,999.99,-0.03,No Flip,0
2026-05-26 13:09:11.819,XAUUSDm,USDJPYm,"XAUUSDm - Buy, USDJPYm - Sell",4521.063,159.24,1000.03,999.99,-0.03,No Flip,0
2026-05-26 13:09:11.871,XAUUSDm,USDJPYm,"XAUUSDm - Buy, USDJPYm - Sell",4520.859,159.24,999.98,999.99,0.01,No Flip,0
2026-05-26 13:09:11.922,XAUUSDm,USDJPYm,"XAUUSDm - Buy, USDJPYm - Sell",4520.859,159.24,999.98,999.99,0.01,No Flip,0
2026-05-26 13:09:11.973,XAUUSDm,USDJPYm,"XAUUSDm - Buy, USDJPYm - Sell",4520.859,159.24,999.98,999.99,0.01,No Flip,0
2026-05-26 13:09:12.024,XAUUSDm,USDJPYm,"XAUUSDm - Buy, USDJPYm - Sell",4520.859,159.24,999.98,999.99,0.01,No Flip,0
2026-05-26 13:09:12.075,XAUUSDm,USDJPYm,"XAUUSDm - Buy, USDJPYm - Sell",4520.859,159.24,999.98,999.99,0.01,No Flip,0
2026-05-26 13:09:12.126,XAUUSDm,USDJPYm,"XAUUSDm - Buy, USDJPYm - Sell",4520.859,159.24,999.98,999.99,0.01,No Flip,0
2026-05-26 13:09:12.176,XAUUSDm,USDJPYm,"XAUUSDm - Buy, USDJPYm - Sell",4520.859,159.24,999.98,999.99,0.01,No Flip,0
2026-05-26 13:09:12.227,XAUUSDm,USDJPYm,"XAUUSDm - Buy, USDJPYm - Sell",4520.859,159.24,999.98,999.99,0.01,No Flip,0
2026-05-26 13:09:12.278,XAUUSDm,USDJPYm,"XAUUSDm - Buy, USDJPYm - Sell",4520.859,159.24,999.98,999.99,0.01,No Flip,0
2026-05-26 13:09:12.329,XAUUSDm,USDJPYm,"XAUUSDm - Buy, USDJPYm - Sell",4520.859,159.24,999.98,999.99,0.01,No Flip,0
2026-05-26 13:09:12.379,XAUUSDm,USDJPYm,"XAUUSDm - Buy, USDJPYm - Sell",4520.954,159.24,1000.0,999.99,-0.01,No Flip,0
2026-05-26 13:09:12.431,XAUUSDm,USDJPYm,"XAUUSDm - Buy, USDJPYm - Sell",4520.954,159.24,1000.0,999.99,-0.01,No Flip,0
2026-05-26 13:09:12.482,XAUUSDm,USDJPYm,"XAUUSDm - Buy, USDJPYm - Sell",4520.895,159.24,999.99,999.99,0.01,No Flip,0
2026-05-26 13:09:12.534,XAUUSDm,USDJPYm,"XAUUSDm - Buy, USDJPYm - Sell",4520.83,159.24,999.97,999.99,0.02,No Flip,0
2026-05-26 13:09:12.584,XAUUSDm,USDJPYm,"XAUUSDm - Buy, USDJPYm - Sell",4520.83,159.24,999.97,999.99,0.02,No Flip,0
2026-05-26 13:09:12.635,XAUUSDm,USDJPYm,"XAUUSDm - Buy, USDJPYm - Sell",4520.83,159.24,999.97,999.99,0.02,No Flip,0
2026-05-26 13:09:12.686,XAUUSDm,USDJPYm,"XAUUSDm - Buy, USDJPYm - Sell",4520.83,159.24,999.97,999.99,0.02,No Flip,0
2026-05-26 13:09:12.737,XAUUSDm,USDJPYm,"XAUUSDm - Buy, USDJPYm - Sell",4520.929,159.24,1000.0,999.99,-0.0,No Flip,0
2026-05-26 13:09:12.788,XAUUSDm,USDJPYm,"XAUUSDm - Buy, USDJPYm - Sell",4520.929,159.24,1000.0,999.99,-0.0,No Flip,0
2026-05-26 13:09:12.838,XAUUSDm,USDJPYm,"XAUUSDm - Buy, USDJPYm - Sell",4520.929,159.24,1000.0,999.99,-0.0,No Flip,0
2026-05-26 13:09:12.889,XAUUSDm,USDJPYm,"XAUUSDm - Buy, USDJPYm - Sell",4520.853,159.24,999.98,999.99,0.01,No Flip,0
2026-05-26 13:09:12.940,XAUUSDm,USDJPYm,"XAUUSDm - Buy, USDJPYm - Sell",4520.818,159.24,999.97,999.99,0.02,No Flip,0
2026-05-26 13:09:12.990,XAUUSDm,USDJPYm,"XAUUSDm - Buy, USDJPYm - Sell",4520.888,159.24,999.99,999.99,0.01,No Flip,0
2026-05-26 13:09:13.041,XAUUSDm,USDJPYm,"XAUUSDm - Buy, USDJPYm - Sell",4520.888,159.24,999.99,999.99,0.01,No Flip,0
2026-05-26 13:09:13.092,XAUUSDm,USDJPYm,"XAUUSDm - Buy, USDJPYm - Sell",4520.888,159.24,999.99,999.99,0.01,No Flip,0
2026-05-26 13:09:13.142,XAUUSDm,USDJPYm,"XAUUSDm - Buy, USDJPYm - Sell",4520.888,159.24,999.99,999.99,0.01,No Flip,0
2026-05-26 13:09:13.193,XAUUSDm,USDJPYm,"XAUUSDm - Buy, USDJPYm - Sell",4520.888,159.24,999.99,999.99,0.01,No Flip,0
2026-05-26 13:09:13.243,XAUUSDm,USDJPYm,"XAUUSDm - Buy, USDJPYm - Sell",4520.888,159.24,999.99,999.99,0.01,No Flip,0
2026-05-26 13:09:13.294,XAUUSDm,USDJPYm,"XAUUSDm - Buy, USDJPYm - Sell",4520.888,159.24,999.99,999.99,0.01,No Flip,0
2026-05-26 13:09:13.345,XAUUSDm,USDJPYm,"XAUUSDm - Buy, USDJPYm - Sell",4520.888,159.24,999.99,999.99,0.01,No Flip,0
2026-05-26 13:09:13.396,XAUUSDm,USDJPYm,"XAUUSDm - Buy, USDJPYm - Sell",4520.888,159.24,999.99,999.99,0.01,No Flip,0
2026-05-26 13:09:13.446,XAUUSDm,USDJPYm,"XAUUSDm - Buy, USDJPYm - Sell",4520.888,159.24,999.99,999.99,0.01,No Flip,0
2026-05-26 13:09:13.497,XAUUSDm,USDJPYm,"XAUUSDm - Buy, USDJPYm - Sell",4520.888,159.24,999.99,999.99,0.01,No Flip,0
2026-05-26 13:09:13.547,XAUUSDm,USDJPYm,"XAUUSDm - Buy, USDJPYm - Sell",4520.888,159.24,999.99,999.99,0.01,No Flip,0
2026-05-26 13:09:13.598,XAUUSDm,USDJPYm,"XAUUSDm - Buy, USDJPYm - Sell",4520.888,159.24,999.99,999.99,0.01,No Flip,0
2026-05-26 13:09:13.649,XAUUSDm,USDJPYm,"XAUUSDm - Buy, USDJPYm - Sell",4521.127,159.24,1000.04,999.99,-0.05,No Flip,0
2026-05-26 13:09:13.700,XAUUSDm,USDJPYm,"XAUUSDm - Buy, USDJPYm - Sell",4521.002,159.24,1000.01,999.99,-0.02,No Flip,0
2026-05-26 13:09:13.750,XAUUSDm,USDJPYm,"XAUUSDm - Buy, USDJPYm - Sell",4520.946,159.24,1000.0,999.99,-0.01,No Flip,0
2026-05-26 13:09:13.801,XAUUSDm,USDJPYm,"XAUUSDm - Buy, USDJPYm - Sell",4520.946,159.24,1000.0,999.99,-0.01,No Flip,0
2026-05-26 13:09:13.851,XAUUSDm,USDJPYm,"XAUUSDm - Buy, USDJPYm - Sell",4521.005,159.24,1000.01,999.99,-0.02,No Flip,0
2026-05-26 13:09:13.902,XAUUSDm,USDJPYm,"XAUUSDm - Buy, USDJPYm - Sell",4521.005,159.24,1000.01,999.99,-0.02,No Flip,0
2026-05-26 13:09:13.952,XAUUSDm,USDJPYm,"XAUUSDm - Buy, USDJPYm - Sell",4521.005,159.24,1000.01,999.99,-0.02,No Flip,0
2026-05-26 13:09:14.003,XAUUSDm,USDJPYm,"XAUUSDm - Buy, USDJPYm - Sell",4521.005,159.24,1000.01,999.99,-0.02,No Flip,0
2026-05-26 13:09:14.054,XAUUSDm,USDJPYm,"XAUUSDm - Buy, USDJPYm - Sell",4520.948,159.24,1000.0,999.99,-0.01,No Flip,0
2026-05-26 13:09:14.104,XAUUSDm,USDJPYm,"XAUUSDm - Buy, USDJPYm - Sell",4520.802,159.24,999.97,999.99,0.03,No Flip,0
2026-05-26 13:09:14.155,XAUUSDm,USDJPYm,"XAUUSDm - Buy, USDJPYm - Sell",4520.246,159.24,999.85,999.99,0.15,No Flip,0
2026-05-26 13:09:14.206,XAUUSDm,USDJPYm,"XAUUSDm - Buy, USDJPYm - Sell",4520.271,159.24,999.85,999.99,0.14,No Flip,0
2026-05-26 13:09:14.256,XAUUSDm,USDJPYm,"XAUUSDm - Buy, USDJPYm - Sell",4520.265,159.24,999.85,999.99,0.14,No Flip,0
2026-05-26 13:09:14.307,XAUUSDm,USDJPYm,"XAUUSDm - Buy, USDJPYm - Sell",4520.353,159.24,999.87,999.99,0.12,No Flip,0
2026-05-26 13:09:14.358,XAUUSDm,USDJPYm,"XAUUSDm - Buy, USDJPYm - Sell",4520.354,159.24,999.87,999.99,0.12,No Flip,0
2026-05-26 13:09:14.408,XAUUSDm,USDJPYm,"XAUUSDm - Buy, USDJPYm - Sell",4520.354,159.24,999.87,999.99,0.12,No Flip,0
2026-05-26 13:09:14.459,XAUUSDm,USDJPYm,"XAUUSDm - Buy, USDJPYm - Sell",4520.354,159.24,999.87,999.99,0.12,No Flip,0
2026-05-26 13:09:14.510,XAUUSDm,USDJPYm,"XAUUSDm - Buy, USDJPYm - Sell",4520.354,159.24,999.87,999.99,0.12,No Flip,0
2026-05-26 13:09:14.561,XAUUSDm,USDJPYm,"XAUUSDm - Buy, USDJPYm - Sell",4520.354,159.24,999.87,999.99,0.12,No Flip,0
2026-05-26 13:09:14.611,XAUUSDm,USDJPYm,"XAUUSDm - Buy, USDJPYm - Sell",4520.354,159.24,999.87,999.99,0.12,No Flip,0
2026-05-26 13:09:14.662,XAUUSDm,USDJPYm,"XAUUSDm - Buy, USDJPYm - Sell",4520.354,159.24,999.87,999.99,0.12,No Flip,0
2026-05-26 13:09:14.713,XAUUSDm,USDJPYm,"XAUUSDm - Buy, USDJPYm - Sell",4520.354,159.24,999.87,999.99,0.12,No Flip,0
2026-05-26 13:09:14.763,XAUUSDm,USDJPYm,"XAUUSDm - Buy, USDJPYm - Sell",4520.354,159.24,999.87,999.99,0.12,No Flip,0
2026-05-26 13:09:14.814,XAUUSDm,USDJPYm,"XAUUSDm - Buy, USDJPYm - Sell",4520.354,159.24,999.87,999.99,0.12,No Flip,0
2026-05-26 13:09:14.865,XAUUSDm,USDJPYm,"XAUUSDm - Buy, USDJPYm - Sell",4520.354,159.24,999.87,999.99,0.12,No Flip,0
2026-05-26 13:09:14.915,XAUUSDm,USDJPYm,"XAUUSDm - Buy, USDJPYm - Sell",4520.354,159.24,999.87,999.99,0.12,No Flip,0
2026-05-26 13:09:14.966,XAUUSDm,USDJPYm,"XAUUSDm - Buy, USDJPYm - Sell",4520.593,159.24,999.92,999.99,0.07,No Flip,0
2026-05-26 13:09:15.017,XAUUSDm,USDJPYm,"XAUUSDm - Buy, USDJPYm - Sell",4520.593,159.24,999.92,999.99,0.07,No Flip,0
2026-05-26 13:09:15.067,XAUUSDm,USDJPYm,"XAUUSDm - Buy, USDJPYm - Sell",4520.593,159.24,999.92,999.99,0.07,No Flip,0
2026-05-26 13:09:15.118,XAUUSDm,USDJPYm,"XAUUSDm - Buy, USDJPYm - Sell",4520.593,159.24,999.92,999.99,0.07,No Flip,0
2026-05-26 13:09:15.168,XAUUSDm,USDJPYm,"XAUUSDm - Buy, USDJPYm - Sell",4520.593,159.24,999.92,999.99,0.07,No Flip,0
2026-05-26 13:09:15.219,XAUUSDm,USDJPYm,"XAUUSDm - Buy, USDJPYm - Sell",4520.593,159.24,999.92,999.99,0.07,No Flip,0
2026-05-26 13:09:15.270,XAUUSDm,USDJPYm,"XAUUSDm - Buy, USDJPYm - Sell",4520.593,159.24,999.92,999.99,0.07,No Flip,0
2026-05-26 13:09:15.320,XAUUSDm,USDJPYm,"XAUUSDm - Buy, USDJPYm - Sell",4520.593,159.24,999.92,999.99,0.07,No Flip,0
2026-05-26 13:09:15.371,XAUUSDm,USDJPYm,"XAUUSDm - Buy, USDJPYm - Sell",4520.593,159.241,999.92,1000.0,0.08,No Flip,0
2026-05-26 13:09:15.422,XAUUSDm,USDJPYm,"XAUUSDm - Buy, USDJPYm - Sell",4520.593,159.241,999.92,1000.0,0.08,No Flip,0
2026-05-26 13:09:15.472,XAUUSDm,USDJPYm,"XAUUSDm - Buy, USDJPYm - Sell",4520.593,159.241,999.92,1000.0,0.08,No Flip,0
2026-05-26 13:09:15.523,XAUUSDm,USDJPYm,"XAUUSDm - Buy, USDJPYm - Sell",4520.593,159.241,999.92,1000.0,0.08,No Flip,0
2026-05-26 13:09:15.574,XAUUSDm,USDJPYm,"XAUUSDm - Buy, USDJPYm - Sell",4520.782,159.241,999.96,1000.0,0.04,No Flip,0
2026-05-26 13:09:15.624,XAUUSDm,USDJPYm,"XAUUSDm - Buy, USDJPYm - Sell",4520.955,159.241,1000.0,1000.0,-0.0,No Flip,0
2026-05-26 13:09:15.675,XAUUSDm,USDJPYm,"XAUUSDm - Buy, USDJPYm - Sell",4521.019,159.241,1000.02,1000.0,-0.02,No Flip,0
2026-05-26 13:09:15.726,XAUUSDm,USDJPYm,"XAUUSDm - Buy, USDJPYm - Sell",4521.019,159.241,1000.02,1000.0,-0.02,No Flip,0
2026-05-26 13:09:15.776,XAUUSDm,USDJPYm,"XAUUSDm - Buy, USDJPYm - Sell",4521.078,159.241,1000.03,1000.0,-0.03,No Flip,0
2026-05-26 13:09:15.827,XAUUSDm,USDJPYm,"XAUUSDm - Buy, USDJPYm - Sell",4521.078,159.241,1000.03,1000.0,-0.03,No Flip,0
2026-05-26 13:09:15.878,XAUUSDm,USDJPYm,"XAUUSDm - Buy, USDJPYm - Sell",4521.078,159.241,1000.03,1000.0,-0.03,No Flip,0
2026-05-26 13:09:15.930,XAUUSDm,USDJPYm,"XAUUSDm - Buy, USDJPYm - Sell",4521.078,159.241,1000.03,1000.0,-0.03,No Flip,0
2026-05-26 13:09:15.980,XAUUSDm,USDJPYm,"XAUUSDm - Buy, USDJPYm - Sell",4521.134,159.238,1000.04,999.98,-0.06,No Flip,0
2026-05-26 13:09:16.031,XAUUSDm,USDJPYm,"XAUUSDm - Buy, USDJPYm - Sell",4521.134,159.238,1000.04,999.98,-0.06,No Flip,0
2026-05-26 13:09:16.081,XAUUSDm,USDJPYm,"XAUUSDm - Buy, USDJPYm - Sell",4521.134,159.238,1000.04,999.98,-0.06,No Flip,0
2026-05-26 13:09:16.132,XAUUSDm,USDJPYm,"XAUUSDm - Buy, USDJPYm - Sell",4521.134,159.238,1000.04,999.98,-0.06,No Flip,0
2026-05-26 13:09:16.183,XAUUSDm,USDJPYm,"XAUUSDm - Buy, USDJPYm - Sell",4521.069,159.238,1000.03,999.98,-0.05,No Flip,0
2026-05-26 13:09:16.233,XAUUSDm,USDJPYm,"XAUUSDm - Buy, USDJPYm - Sell",4521.069,159.238,1000.03,999.98,-0.05,No Flip,0
2026-05-26 13:09:16.284,XAUUSDm,USDJPYm,"XAUUSDm - Buy, USDJPYm - Sell",4521.069,159.238,1000.03,999.98,-0.05,No Flip,0
2026-05-26 13:09:16.334,XAUUSDm,USDJPYm,"XAUUSDm - Buy, USDJPYm - Sell",4521.129,159.238,1000.04,999.98,-0.06,No Flip,0
2026-05-26 13:09:16.385,XAUUSDm,USDJPYm,"XAUUSDm - Buy, USDJPYm - Sell",4521.129,159.238,1000.04,999.98,-0.06,No Flip,0
2026-05-26 13:09:16.435,XAUUSDm,USDJPYm,"XAUUSDm - Buy, USDJPYm - Sell",4521.129,159.238,1000.04,999.98,-0.06,No Flip,0
2026-05-26 13:09:16.486,XAUUSDm,USDJPYm,"XAUUSDm - Buy, USDJPYm - Sell",4521.129,159.238,1000.04,999.98,-0.06,No Flip,0
2026-05-26 13:09:16.537,XAUUSDm,USDJPYm,"XAUUSDm - Buy, USDJPYm - Sell",4521.129,159.238,1000.04,999.98,-0.06,No Flip,0
2026-05-26 13:09:16.587,XAUUSDm,USDJPYm,"XAUUSDm - Buy, USDJPYm - Sell",4521.129,159.238,1000.04,999.98,-0.06,No Flip,0
2026-05-26 13:09:16.638,XAUUSDm,USDJPYm,"XAUUSDm - Buy, USDJPYm - Sell",4521.129,159.238,1000.04,999.98,-0.06,No Flip,0
2026-05-26 13:09:16.688,XAUUSDm,USDJPYm,"XAUUSDm - Buy, USDJPYm - Sell",4521.129,159.238,1000.04,999.98,-0.06,No Flip,0
2026-05-26 13:09:16.739,XAUUSDm,USDJPYm,"XAUUSDm - Buy, USDJPYm - Sell",4521.129,159.238,1000.04,999.98,-0.06,No Flip,0
2026-05-26 13:09:16.790,XAUUSDm,USDJPYm,"XAUUSDm - Buy, USDJPYm - Sell",4521.129,159.238,1000.04,999.98,-0.06,No Flip,0
2026-05-26 13:09:16.840,XAUUSDm,USDJPYm,"XAUUSDm - Buy, USDJPYm - Sell",4521.129,159.238,1000.04,999.98,-0.06,No Flip,0
2026-05-26 13:09:16.891,XAUUSDm,USDJPYm,"XAUUSDm - Buy, USDJPYm - Sell",4521.129,159.238,1000.04,999.98,-0.06,No Flip,0
2026-05-26 13:09:16.941,XAUUSDm,USDJPYm,"XAUUSDm - Buy, USDJPYm - Sell",4521.129,159.238,1000.04,999.98,-0.06,No Flip,0
2026-05-26 13:09:16.992,XAUUSDm,USDJPYm,"XAUUSDm - Buy, USDJPYm - Sell",4521.129,159.238,1000.04,999.98,-0.06,No Flip,0
2026-05-26 13:09:17.043,XAUUSDm,USDJPYm,"XAUUSDm - Buy, USDJPYm - Sell",4521.129,159.238,1000.04,999.98,-0.06,No Flip,0
2026-05-26 13:09:17.094,XAUUSDm,USDJPYm,"XAUUSDm - Buy, USDJPYm - Sell",4521.129,159.238,1000.04,999.98,-0.06,No Flip,0
2026-05-26 13:09:17.144,XAUUSDm,USDJPYm,"XAUUSDm - Buy, USDJPYm - Sell",4520.892,159.238,999.99,999.98,-0.01,No Flip,0
2026-05-26 13:09:17.195,XAUUSDm,USDJPYm,"XAUUSDm - Buy, USDJPYm - Sell",4520.892,159.238,999.99,999.98,-0.01,No Flip,0
2026-05-26 13:09:17.245,XAUUSDm,USDJPYm,"XAUUSDm - Buy, USDJPYm - Sell",4520.892,159.238,999.99,999.98,-0.01,No Flip,0
2026-05-26 13:09:17.296,XAUUSDm,USDJPYm,"XAUUSDm - Buy, USDJPYm - Sell",4520.892,159.238,999.99,999.98,-0.01,No Flip,0
2026-05-26 13:09:17.346,XAUUSDm,USDJPYm,"XAUUSDm - Buy, USDJPYm - Sell",4520.892,159.238,999.99,999.98,-0.01,No Flip,0
2026-05-26 13:09:17.397,XAUUSDm,USDJPYm,"XAUUSDm - Buy, USDJPYm - Sell",4520.949,159.238,1000.0,999.98,-0.02,No Flip,0
2026-05-26 13:09:17.448,XAUUSDm,USDJPYm,"XAUUSDm - Buy, USDJPYm - Sell",4520.949,159.238,1000.0,999.98,-0.02,No Flip,0
2026-05-26 13:09:17.499,XAUUSDm,USDJPYm,"XAUUSDm - Buy, USDJPYm - Sell",4520.949,159.238,1000.0,999.98,-0.02,No Flip,0
2026-05-26 13:09:17.549,XAUUSDm,USDJPYm,"XAUUSDm - Buy, USDJPYm - Sell",4520.949,159.238,1000.0,999.98,-0.02,No Flip,0
2026-05-26 13:09:17.600,XAUUSDm,USDJPYm,"XAUUSDm - Buy, USDJPYm - Sell",4520.949,159.238,1000.0,999.98,-0.02,No Flip,0
2026-05-26 13:09:17.651,XAUUSDm,USDJPYm,"XAUUSDm - Buy, USDJPYm - Sell",4520.949,159.238,1000.0,999.98,-0.02,No Flip,0
2026-05-26 13:09:17.701,XAUUSDm,USDJPYm,"XAUUSDm - Buy, USDJPYm - Sell",4520.949,159.238,1000.0,999.98,-0.02,No Flip,0
2026-05-26 13:09:17.752,XAUUSDm,USDJPYm,"XAUUSDm - Buy, USDJPYm - Sell",4520.949,159.238,1000.0,999.98,-0.02,No Flip,0
2026-05-26 13:09:17.803,XAUUSDm,USDJPYm,"XAUUSDm - Buy, USDJPYm - Sell",4520.949,159.238,1000.0,999.98,-0.02,No Flip,0
2026-05-26 13:09:17.854,XAUUSDm,USDJPYm,"XAUUSDm - Buy, USDJPYm - Sell",4520.949,159.238,1000.0,999.98,-0.02,No Flip,0
2026-05-26 13:09:17.904,XAUUSDm,USDJPYm,"XAUUSDm - Buy, USDJPYm - Sell",4520.949,159.238,1000.0,999.98,-0.02,No Flip,0
2026-05-26 13:09:17.954,XAUUSDm,USDJPYm,"XAUUSDm - Buy, USDJPYm - Sell",4520.949,159.238,1000.0,999.98,-0.02,No Flip,0
2026-05-26 13:09:18.005,XAUUSDm,USDJPYm,"XAUUSDm - Buy, USDJPYm - Sell",4520.949,159.238,1000.0,999.98,-0.02,No Flip,0
2026-05-26 13:09:18.055,XAUUSDm,USDJPYm,"XAUUSDm - Buy, USDJPYm - Sell",4520.949,159.238,1000.0,999.98,-0.02,No Flip,0
2026-05-26 13:09:18.106,XAUUSDm,USDJPYm,"XAUUSDm - Buy, USDJPYm - Sell",4520.949,159.238,1000.0,999.98,-0.02,No Flip,0
2026-05-26 13:09:18.156,XAUUSDm,USDJPYm,"XAUUSDm - Buy, USDJPYm - Sell",4520.949,159.238,1000.0,999.98,-0.02,No Flip,0
2026-05-26 13:09:18.207,XAUUSDm,USDJPYm,"XAUUSDm - Buy, USDJPYm - Sell",4520.949,159.238,1000.0,999.98,-0.02,No Flip,0
2026-05-26 13:09:18.258,XAUUSDm,USDJPYm,"XAUUSDm - Buy, USDJPYm - Sell",4520.949,159.238,1000.0,999.98,-0.02,No Flip,0
2026-05-26 13:09:18.308,XAUUSDm,USDJPYm,"XAUUSDm - Buy, USDJPYm - Sell",4520.949,159.238,1000.0,999.98,-0.02,No Flip,0
2026-05-26 13:09:18.359,XAUUSDm,USDJPYm,"XAUUSDm - Buy, USDJPYm - Sell",4520.949,159.238,1000.0,999.98,-0.02,No Flip,0
2026-05-26 13:09:18.409,XAUUSDm,USDJPYm,"XAUUSDm - Buy, USDJPYm - Sell",4520.949,159.238,1000.0,999.98,-0.02,No Flip,0
2026-05-26 13:09:18.460,XAUUSDm,USDJPYm,"XAUUSDm - Buy, USDJPYm - Sell",4520.949,159.238,1000.0,999.98,-0.02,No Flip,0
2026-05-26 13:09:18.511,XAUUSDm,USDJPYm,"XAUUSDm - Buy, USDJPYm - Sell",4520.902,159.238,999.99,999.98,-0.01,No Flip,0
2026-05-26 13:09:18.562,XAUUSDm,USDJPYm,"XAUUSDm - Buy, USDJPYm - Sell",4520.902,159.238,999.99,999.98,-0.01,No Flip,0
2026-05-26 13:09:18.613,XAUUSDm,USDJPYm,"XAUUSDm - Buy, USDJPYm - Sell",4520.902,159.238,999.99,999.98,-0.01,No Flip,0
2026-05-26 13:09:18.663,XAUUSDm,USDJPYm,"XAUUSDm - Buy, USDJPYm - Sell",4520.902,159.238,999.99,999.98,-0.01,No Flip,0
2026-05-26 13:09:18.714,XAUUSDm,USDJPYm,"XAUUSDm - Buy, USDJPYm - Sell",4520.902,159.238,999.99,999.98,-0.01,No Flip,0
2026-05-26 13:11:01.221,XAUUSDm,USDJPYm,"XAUUSDm - Buy, USDJPYm - Sell",4521.301,159.245,999.92,1000.04,0.12,No Flip,0
2026-05-26 13:11:01.272,XAUUSDm,USDJPYm,"XAUUSDm - Buy, USDJPYm - Sell",4521.301,159.245,999.92,1000.04,0.12,No Flip,0
2026-05-26 13:11:01.323,XAUUSDm,USDJPYm,"XAUUSDm - Buy, USDJPYm - Sell",4521.301,159.245,999.92,1000.04,0.12,No Flip,0
2026-05-26 13:11:01.373,XAUUSDm,USDJPYm,"XAUUSDm - Buy, USDJPYm - Sell",4521.301,159.245,999.92,1000.04,0.12,No Flip,0
2026-05-26 13:11:01.424,XAUUSDm,USDJPYm,"XAUUSDm - Buy, USDJPYm - Sell",4521.301,159.245,999.92,1000.04,0.12,No Flip,0
2026-05-26 13:11:01.475,XAUUSDm,USDJPYm,"XAUUSDm - Buy, USDJPYm - Sell",4521.301,159.245,999.92,1000.04,0.12,No Flip,0
2026-05-26 13:11:01.526,XAUUSDm,USDJPYm,"XAUUSDm - Buy, USDJPYm - Sell",4521.243,159.245,999.91,1000.04,0.14,No Flip,0
2026-05-26 13:11:01.577,XAUUSDm,USDJPYm,"XAUUSDm - Buy, USDJPYm - Sell",4521.243,159.245,999.91,1000.04,0.14,No Flip,0
2026-05-26 13:11:01.628,XAUUSDm,USDJPYm,"XAUUSDm - Buy, USDJPYm - Sell",4521.243,159.245,999.91,1000.04,0.14,No Flip,0
2026-05-26 13:11:01.679,XAUUSDm,USDJPYm,"XAUUSDm - Buy, USDJPYm - Sell",4521.243,159.245,999.91,1000.04,0.14,No Flip,0
2026-05-26 13:11:01.731,XAUUSDm,USDJPYm,"XAUUSDm - Buy, USDJPYm - Sell",4521.243,159.245,999.91,1000.04,0.14,No Flip,0
2026-05-26 13:11:01.782,XAUUSDm,USDJPYm,"XAUUSDm - Buy, USDJPYm - Sell",4521.243,159.245,999.91,1000.04,0.14,No Flip,0
2026-05-26 13:11:01.833,XAUUSDm,USDJPYm,"XAUUSDm - Buy, USDJPYm - Sell",4521.243,159.245,999.91,1000.04,0.14,No Flip,0
2026-05-26 13:11:01.883,XAUUSDm,USDJPYm,"XAUUSDm - Buy, USDJPYm - Sell",4521.177,159.245,999.89,1000.04,0.15,No Flip,0
2026-05-26 13:11:01.934,XAUUSDm,USDJPYm,"XAUUSDm - Buy, USDJPYm - Sell",4521.169,159.245,999.89,1000.04,0.15,No Flip,0
2026-05-26 13:11:01.985,XAUUSDm,USDJPYm,"XAUUSDm - Buy, USDJPYm - Sell",4521.169,159.245,999.89,1000.04,0.15,No Flip,0
2026-05-26 13:11:02.036,XAUUSDm,USDJPYm,"XAUUSDm - Buy, USDJPYm - Sell",4521.169,159.245,999.89,1000.04,0.15,No Flip,0
2026-05-26 13:11:02.086,XAUUSDm,USDJPYm,"XAUUSDm - Buy, USDJPYm - Sell",4521.169,159.245,999.89,1000.04,0.15,No Flip,0
2026-05-26 13:11:02.137,XAUUSDm,USDJPYm,"XAUUSDm - Buy, USDJPYm - Sell",4521.169,159.245,999.89,1000.04,0.15,No Flip,0
2026-05-26 13:11:02.188,XAUUSDm,USDJPYm,"XAUUSDm - Buy, USDJPYm - Sell",4521.169,159.245,999.89,1000.04,0.15,No Flip,0
2026-05-26 13:11:02.239,XAUUSDm,USDJPYm,"XAUUSDm - Buy, USDJPYm - Sell",4521.169,159.245,999.89,1000.04,0.15,No Flip,0
2026-05-26 13:11:02.290,XAUUSDm,USDJPYm,"XAUUSDm - Buy, USDJPYm - Sell",4521.169,159.245,999.89,1000.04,0.15,No Flip,0
2026-05-26 13:11:02.341,XAUUSDm,USDJPYm,"XAUUSDm - Buy, USDJPYm - Sell",4521.169,159.245,999.89,1000.04,0.15,No Flip,0
2026-05-26 13:11:02.392,XAUUSDm,USDJPYm,"XAUUSDm - Buy, USDJPYm - Sell",4521.169,159.245,999.89,1000.04,0.15,No Flip,0
2026-05-26 13:11:02.442,XAUUSDm,USDJPYm,"XAUUSDm - Buy, USDJPYm - Sell",4521.169,159.245,999.89,1000.04,0.15,No Flip,0
2026-05-26 13:11:02.494,XAUUSDm,USDJPYm,"XAUUSDm - Buy, USDJPYm - Sell",4521.169,159.245,999.89,1000.04,0.15,No Flip,0
2026-05-26 13:11:02.545,XAUUSDm,USDJPYm,"XAUUSDm - Buy, USDJPYm - Sell",4521.169,159.245,999.89,1000.04,0.15,No Flip,0
2026-05-26 13:11:02.596,XAUUSDm,USDJPYm,"XAUUSDm - Buy, USDJPYm - Sell",4521.169,159.245,999.89,1000.04,0.15,No Flip,0
2026-05-26 13:11:02.646,XAUUSDm,USDJPYm,"XAUUSDm - Buy, USDJPYm - Sell",4521.169,159.245,999.89,1000.04,0.15,No Flip,0
2026-05-26 13:11:02.697,XAUUSDm,USDJPYm,"XAUUSDm - Buy, USDJPYm - Sell",4521.169,159.245,999.89,1000.04,0.15,No Flip,0
2026-05-26 13:11:02.747,XAUUSDm,USDJPYm,"XAUUSDm - Buy, USDJPYm - Sell",4521.169,159.244,999.89,1000.04,0.15,No Flip,0
2026-05-26 13:11:02.798,XAUUSDm,USDJPYm,"XAUUSDm - Buy, USDJPYm - Sell",4521.169,159.244,999.89,1000.04,0.15,No Flip,0
2026-05-26 13:11:02.850,XAUUSDm,USDJPYm,"XAUUSDm - Buy, USDJPYm - Sell",4521.169,159.244,999.89,1000.04,0.15,No Flip,0
2026-05-26 13:11:02.900,XAUUSDm,USDJPYm,"XAUUSDm - Buy, USDJPYm - Sell",4521.169,159.244,999.89,1000.04,0.15,No Flip,0
2026-05-26 13:11:02.951,XAUUSDm,USDJPYm,"XAUUSDm - Buy, USDJPYm - Sell",4521.209,159.244,999.9,1000.04,0.14,No Flip,0
2026-05-26 13:11:03.001,XAUUSDm,USDJPYm,"XAUUSDm - Buy, USDJPYm - Sell",4521.209,159.244,999.9,1000.04,0.14,No Flip,0
2026-05-26 13:11:03.052,XAUUSDm,USDJPYm,"XAUUSDm - Buy, USDJPYm - Sell",4521.209,159.244,999.9,1000.04,0.14,No Flip,0
2026-05-26 13:11:03.103,XAUUSDm,USDJPYm,"XAUUSDm - Buy, USDJPYm - Sell",4521.209,159.244,999.9,1000.04,0.14,No Flip,0
2026-05-26 13:11:03.154,XAUUSDm,USDJPYm,"XAUUSDm - Buy, USDJPYm - Sell",4521.209,159.244,999.9,1000.04,0.14,No Flip,0
2026-05-26 13:11:03.204,XAUUSDm,USDJPYm,"XAUUSDm - Buy, USDJPYm - Sell",4521.209,159.244,999.9,1000.04,0.14,No Flip,0
2026-05-26 13:11:03.255,XAUUSDm,USDJPYm,"XAUUSDm - Buy, USDJPYm - Sell",4521.209,159.244,999.9,1000.04,0.14,No Flip,0
2026-05-26 13:11:03.306,XAUUSDm,USDJPYm,"XAUUSDm - Buy, USDJPYm - Sell",4521.209,159.244,999.9,1000.04,0.14,No Flip,0
2026-05-26 13:11:03.357,XAUUSDm,USDJPYm,"XAUUSDm - Buy, USDJPYm - Sell",4521.209,159.244,999.9,1000.04,0.14,No Flip,0
2026-05-26 13:11:03.408,XAUUSDm,USDJPYm,"XAUUSDm - Buy, USDJPYm - Sell",4521.271,159.244,999.91,1000.04,0.12,No Flip,0
2026-05-26 13:11:03.459,XAUUSDm,USDJPYm,"XAUUSDm - Buy, USDJPYm - Sell",4521.271,159.244,999.91,1000.04,0.12,No Flip,0
2026-05-26 13:11:03.510,XAUUSDm,USDJPYm,"XAUUSDm - Buy, USDJPYm - Sell",4521.271,159.244,999.91,1000.04,0.12,No Flip,0
2026-05-26 13:11:03.560,XAUUSDm,USDJPYm,"XAUUSDm - Buy, USDJPYm - Sell",4521.271,159.244,999.91,1000.04,0.12,No Flip,0
2026-05-26 13:11:03.611,XAUUSDm,USDJPYm,"XAUUSDm - Buy, USDJPYm - Sell",4521.271,159.244,999.91,1000.04,0.12,No Flip,0
2026-05-26 13:11:03.662,XAUUSDm,USDJPYm,"XAUUSDm - Buy, USDJPYm - Sell",4521.271,159.244,999.91,1000.04,0.12,No Flip,0
2026-05-26 13:11:03.713,XAUUSDm,USDJPYm,"XAUUSDm - Buy, USDJPYm - Sell",4521.271,159.244,999.91,1000.04,0.12,No Flip,0
2026-05-26 13:11:03.763,XAUUSDm,USDJPYm,"XAUUSDm - Buy, USDJPYm - Sell",4521.271,159.244,999.91,1000.04,0.12,No Flip,0
2026-05-26 13:11:03.814,XAUUSDm,USDJPYm,"XAUUSDm - Buy, USDJPYm - Sell",4521.271,159.244,999.91,1000.04,0.12,No Flip,0
2026-05-26 13:11:03.865,XAUUSDm,USDJPYm,"XAUUSDm - Buy, USDJPYm - Sell",4521.271,159.244,999.91,1000.04,0.12,No Flip,0
2026-05-26 13:11:03.915,XAUUSDm,USDJPYm,"XAUUSDm - Buy, USDJPYm - Sell",4521.271,159.244,999.91,1000.04,0.12,No Flip,0
2026-05-26 13:11:03.966,XAUUSDm,USDJPYm,"XAUUSDm - Buy, USDJPYm - Sell",4521.271,159.244,999.91,1000.04,0.12,No Flip,0
2026-05-26 13:11:04.017,XAUUSDm,USDJPYm,"XAUUSDm - Buy, USDJPYm - Sell",4521.271,159.244,999.91,1000.04,0.12,No Flip,0
2026-05-26 13:11:04.068,XAUUSDm,USDJPYm,"XAUUSDm - Buy, USDJPYm - Sell",4521.271,159.244,999.91,1000.04,0.12,No Flip,0
2026-05-26 13:11:04.118,XAUUSDm,USDJPYm,"XAUUSDm - Buy, USDJPYm - Sell",4521.271,159.244,999.91,1000.04,0.12,No Flip,0
2026-05-26 13:11:04.169,XAUUSDm,USDJPYm,"XAUUSDm - Buy, USDJPYm - Sell",4521.271,159.244,999.91,1000.04,0.12,No Flip,0
2026-05-26 13:11:04.220,XAUUSDm,USDJPYm,"XAUUSDm - Buy, USDJPYm - Sell",4521.271,159.244,999.91,1000.04,0.12,No Flip,0
2026-05-26 13:11:04.271,XAUUSDm,USDJPYm,"XAUUSDm - Buy, USDJPYm - Sell",4521.271,159.244,999.91,1000.04,0.12,No Flip,0
2026-05-26 13:11:04.321,XAUUSDm,USDJPYm,"XAUUSDm - Buy, USDJPYm - Sell",4521.271,159.244,999.91,1000.04,0.12,No Flip,0
2026-05-26 13:11:04.372,XAUUSDm,USDJPYm,"XAUUSDm - Buy, USDJPYm - Sell",4521.271,159.244,999.91,1000.04,0.12,No Flip,0
2026-05-26 13:11:04.424,XAUUSDm,USDJPYm,"XAUUSDm - Buy, USDJPYm - Sell",4521.1,159.244,999.88,1000.04,0.16,No Flip,0
2026-05-26 13:11:04.474,XAUUSDm,USDJPYm,"XAUUSDm - Buy, USDJPYm - Sell",4521.1,159.244,999.88,1000.04,0.16,No Flip,0
2026-05-26 13:11:04.525,XAUUSDm,USDJPYm,"XAUUSDm - Buy, USDJPYm - Sell",4521.1,159.244,999.88,1000.04,0.16,No Flip,0
2026-05-26 13:11:04.575,XAUUSDm,USDJPYm,"XAUUSDm - Buy, USDJPYm - Sell",4521.1,159.244,999.88,1000.04,0.16,No Flip,0
2026-05-26 13:11:04.626,XAUUSDm,USDJPYm,"XAUUSDm - Buy, USDJPYm - Sell",4521.1,159.244,999.88,1000.04,0.16,No Flip,0
2026-05-26 13:11:04.677,XAUUSDm,USDJPYm,"XAUUSDm - Buy, USDJPYm - Sell",4521.1,159.244,999.88,1000.04,0.16,No Flip,0
2026-05-26 13:11:04.728,XAUUSDm,USDJPYm,"XAUUSDm - Buy, USDJPYm - Sell",4521.1,159.244,999.88,1000.04,0.16,No Flip,0
2026-05-26 13:11:04.778,XAUUSDm,USDJPYm,"XAUUSDm - Buy, USDJPYm - Sell",4521.1,159.244,999.88,1000.04,0.16,No Flip,0
2026-05-26 13:11:04.829,XAUUSDm,USDJPYm,"XAUUSDm - Buy, USDJPYm - Sell",4521.1,159.244,999.88,1000.04,0.16,No Flip,0
2026-05-26 13:11:04.880,XAUUSDm,USDJPYm,"XAUUSDm - Buy, USDJPYm - Sell",4521.1,159.244,999.88,1000.04,0.16,No Flip,0
2026-05-26 13:11:04.931,XAUUSDm,USDJPYm,"XAUUSDm - Buy, USDJPYm - Sell",4521.1,159.244,999.88,1000.04,0.16,No Flip,0
2026-05-26 13:11:04.982,XAUUSDm,USDJPYm,"XAUUSDm - Buy, USDJPYm - Sell",4521.1,159.244,999.88,1000.04,0.16,No Flip,0
2026-05-26 13:11:05.032,XAUUSDm,USDJPYm,"XAUUSDm - Buy, USDJPYm - Sell",4521.1,159.244,999.88,1000.04,0.16,No Flip,0
2026-05-26 13:11:05.083,XAUUSDm,USDJPYm,"XAUUSDm - Buy, USDJPYm - Sell",4521.1,159.244,999.88,1000.04,0.16,No Flip,0
2026-05-26 13:11:05.134,XAUUSDm,USDJPYm,"XAUUSDm - Buy, USDJPYm - Sell",4520.729,159.243,999.79,1000.03,0.24,No Flip,0
2026-05-26 13:11:05.184,XAUUSDm,USDJPYm,"XAUUSDm - Buy, USDJPYm - Sell",4520.623,159.243,999.77,1000.03,0.26,No Flip,0
2026-05-26 13:11:05.234,XAUUSDm,USDJPYm,"XAUUSDm - Buy, USDJPYm - Sell",4520.854,159.243,999.82,1000.03,0.21,No Flip,0
2026-05-26 13:11:05.285,XAUUSDm,USDJPYm,"XAUUSDm - Buy, USDJPYm - Sell",4520.854,159.243,999.82,1000.03,0.21,No Flip,0
2026-05-26 13:11:05.337,XAUUSDm,USDJPYm,"XAUUSDm - Buy, USDJPYm - Sell",4520.854,159.243,999.82,1000.03,0.21,No Flip,0
2026-05-26 13:11:05.388,XAUUSDm,USDJPYm,"XAUUSDm - Buy, USDJPYm - Sell",4520.854,159.243,999.82,1000.03,0.21,No Flip,0
2026-05-26 13:11:05.438,XAUUSDm,USDJPYm,"XAUUSDm - Buy, USDJPYm - Sell",4520.854,159.243,999.82,1000.03,0.21,No Flip,0
2026-05-26 13:11:05.489,XAUUSDm,USDJPYm,"XAUUSDm - Buy, USDJPYm - Sell",4520.854,159.243,999.82,1000.03,0.21,No Flip,0
2026-05-26 13:11:05.539,XAUUSDm,USDJPYm,"XAUUSDm - Buy, USDJPYm - Sell",4520.854,159.243,999.82,1000.03,0.21,No Flip,0
2026-05-26 13:11:05.590,XAUUSDm,USDJPYm,"XAUUSDm - Buy, USDJPYm - Sell",4520.854,159.243,999.82,1000.03,0.21,No Flip,0
2026-05-26 13:11:05.640,XAUUSDm,USDJPYm,"XAUUSDm - Buy, USDJPYm - Sell",4520.854,159.243,999.82,1000.03,0.21,No Flip,0
2026-05-26 13:11:05.691,XAUUSDm,USDJPYm,"XAUUSDm - Buy, USDJPYm - Sell",4520.854,159.243,999.82,1000.03,0.21,No Flip,0
2026-05-26 13:11:05.741,XAUUSDm,USDJPYm,"XAUUSDm - Buy, USDJPYm - Sell",4520.854,159.243,999.82,1000.03,0.21,No Flip,0
2026-05-26 13:11:05.792,XAUUSDm,USDJPYm,"XAUUSDm - Buy, USDJPYm - Sell",4520.854,159.243,999.82,1000.03,0.21,No Flip,0
2026-05-26 13:11:05.843,XAUUSDm,USDJPYm,"XAUUSDm - Buy, USDJPYm - Sell",4520.854,159.243,999.82,1000.03,0.21,No Flip,0
2026-05-26 13:11:05.893,XAUUSDm,USDJPYm,"XAUUSDm - Buy, USDJPYm - Sell",4520.854,159.243,999.82,1000.03,0.21,No Flip,0
2026-05-26 13:11:05.945,XAUUSDm,USDJPYm,"XAUUSDm - Buy, USDJPYm - Sell",4520.854,159.243,999.82,1000.03,0.21,No Flip,0
2026-05-26 13:11:05.995,XAUUSDm,USDJPYm,"XAUUSDm - Buy, USDJPYm - Sell",4520.854,159.243,999.82,1000.03,0.21,No Flip,0
2026-05-26 13:11:06.046,XAUUSDm,USDJPYm,"XAUUSDm - Buy, USDJPYm - Sell",4520.854,159.243,999.82,1000.03,0.21,No Flip,0
2026-05-26 13:11:06.096,XAUUSDm,USDJPYm,"XAUUSDm - Buy, USDJPYm - Sell",4520.854,159.243,999.82,1000.03,0.21,No Flip,0
2026-05-26 13:11:06.147,XAUUSDm,USDJPYm,"XAUUSDm - Buy, USDJPYm - Sell",4520.854,159.243,999.82,1000.03,0.21,No Flip,0
2026-05-26 13:11:06.198,XAUUSDm,USDJPYm,"XAUUSDm - Buy, USDJPYm - Sell",4520.838,159.243,999.82,1000.03,0.21,No Flip,0
2026-05-26 13:11:06.248,XAUUSDm,USDJPYm,"XAUUSDm - Buy, USDJPYm - Sell",4520.838,159.243,999.82,1000.03,0.21,No Flip,0
2026-05-26 13:11:06.299,XAUUSDm,USDJPYm,"XAUUSDm - Buy, USDJPYm - Sell",4520.838,159.243,999.82,1000.03,0.21,No Flip,0
2026-05-26 13:11:06.349,XAUUSDm,USDJPYm,"XAUUSDm - Buy, USDJPYm - Sell",4520.838,159.243,999.82,1000.03,0.21,No Flip,0
2026-05-26 13:11:06.400,XAUUSDm,USDJPYm,"XAUUSDm - Buy, USDJPYm - Sell",4520.838,159.243,999.82,1000.03,0.21,No Flip,0
2026-05-26 13:11:06.451,XAUUSDm,USDJPYm,"XAUUSDm - Buy, USDJPYm - Sell",4520.838,159.243,999.82,1000.03,0.21,No Flip,0
2026-05-26 13:11:06.501,XAUUSDm,USDJPYm,"XAUUSDm - Buy, USDJPYm - Sell",4520.838,159.243,999.82,1000.03,0.21,No Flip,0
2026-05-26 13:11:06.552,XAUUSDm,USDJPYm,"XAUUSDm - Buy, USDJPYm - Sell",4520.838,159.243,999.82,1000.03,0.21,No Flip,0
2026-05-26 13:11:06.603,XAUUSDm,USDJPYm,"XAUUSDm - Buy, USDJPYm - Sell",4520.838,159.243,999.82,1000.03,0.21,No Flip,0
2026-05-26 13:11:06.653,XAUUSDm,USDJPYm,"XAUUSDm - Buy, USDJPYm - Sell",4520.838,159.243,999.82,1000.03,0.21,No Flip,0
2026-05-26 13:11:06.704,XAUUSDm,USDJPYm,"XAUUSDm - Buy, USDJPYm - Sell",4520.838,159.243,999.82,1000.03,0.21,No Flip,0
2026-05-26 13:11:06.755,XAUUSDm,USDJPYm,"XAUUSDm - Buy, USDJPYm - Sell",4520.838,159.243,999.82,1000.03,0.21,No Flip,0
2026-05-26 13:11:06.806,XAUUSDm,USDJPYm,"XAUUSDm - Buy, USDJPYm - Sell",4520.838,159.243,999.82,1000.03,0.21,No Flip,0
2026-05-26 13:11:06.857,XAUUSDm,USDJPYm,"XAUUSDm - Buy, USDJPYm - Sell",4520.838,159.243,999.82,1000.03,0.21,No Flip,0
2026-05-26 13:11:06.908,XAUUSDm,USDJPYm,"XAUUSDm - Buy, USDJPYm - Sell",4520.838,159.243,999.82,1000.03,0.21,No Flip,0
2026-05-26 13:11:06.958,XAUUSDm,USDJPYm,"XAUUSDm - Buy, USDJPYm - Sell",4520.838,159.243,999.82,1000.03,0.21,No Flip,0
2026-05-26 13:11:07.009,XAUUSDm,USDJPYm,"XAUUSDm - Buy, USDJPYm - Sell",4520.838,159.243,999.82,1000.03,0.21,No Flip,0
2026-05-26 13:11:07.059,XAUUSDm,USDJPYm,"XAUUSDm - Buy, USDJPYm - Sell",4520.838,159.243,999.82,1000.03,0.21,No Flip,0
2026-05-26 13:11:07.109,XAUUSDm,USDJPYm,"XAUUSDm - Buy, USDJPYm - Sell",4520.838,159.243,999.82,1000.03,0.21,No Flip,0
2026-05-26 13:11:07.161,XAUUSDm,USDJPYm,"XAUUSDm - Buy, USDJPYm - Sell",4520.838,159.243,999.82,1000.03,0.21,No Flip,0
2026-05-26 13:11:07.211,XAUUSDm,USDJPYm,"XAUUSDm - Buy, USDJPYm - Sell",4520.863,159.243,999.82,1000.03,0.21,No Flip,0
2026-05-26 13:11:07.262,XAUUSDm,USDJPYm,"XAUUSDm - Buy, USDJPYm - Sell",4520.863,159.243,999.82,1000.03,0.21,No Flip,0
2026-05-26 13:11:07.312,XAUUSDm,USDJPYm,"XAUUSDm - Buy, USDJPYm - Sell",4520.863,159.243,999.82,1000.03,0.21,No Flip,0
2026-05-26 13:11:07.363,XAUUSDm,USDJPYm,"XAUUSDm - Buy, USDJPYm - Sell",4520.863,159.243,999.82,1000.03,0.21,No Flip,0
2026-05-26 13:11:07.413,XAUUSDm,USDJPYm,"XAUUSDm - Buy, USDJPYm - Sell",4520.926,159.243,999.84,1000.03,0.19,No Flip,0
2026-05-26 13:11:07.463,XAUUSDm,USDJPYm,"XAUUSDm - Buy, USDJPYm - Sell",4520.926,159.244,999.84,1000.04,0.2,No Flip,0
2026-05-26 13:11:07.514,XAUUSDm,USDJPYm,"XAUUSDm - Buy, USDJPYm - Sell",4520.926,159.244,999.84,1000.04,0.2,No Flip,0
2026-05-26 13:11:07.565,XAUUSDm,USDJPYm,"XAUUSDm - Buy, USDJPYm - Sell",4520.926,159.244,999.84,1000.04,0.2,No Flip,0
2026-05-26 13:11:07.617,XAUUSDm,USDJPYm,"XAUUSDm - Buy, USDJPYm - Sell",4520.926,159.244,999.84,1000.04,0.2,No Flip,0
2026-05-26 13:11:07.667,XAUUSDm,USDJPYm,"XAUUSDm - Buy, USDJPYm - Sell",4520.926,159.244,999.84,1000.04,0.2,No Flip,0
2026-05-26 13:11:07.718,XAUUSDm,USDJPYm,"XAUUSDm - Buy, USDJPYm - Sell",4520.926,159.244,999.84,1000.04,0.2,No Flip,0
2026-05-26 13:11:07.769,XAUUSDm,USDJPYm,"XAUUSDm - Buy, USDJPYm - Sell",4520.926,159.244,999.84,1000.04,0.2,No Flip,0
2026-05-26 13:11:07.819,XAUUSDm,USDJPYm,"XAUUSDm - Buy, USDJPYm - Sell",4520.926,159.244,999.84,1000.04,0.2,No Flip,0
2026-05-26 13:11:07.870,XAUUSDm,USDJPYm,"XAUUSDm - Buy, USDJPYm - Sell",4520.8,159.244,999.81,1000.04,0.23,No Flip,0
2026-05-26 13:11:07.920,XAUUSDm,USDJPYm,"XAUUSDm - Buy, USDJPYm - Sell",4520.8,159.244,999.81,1000.04,0.23,No Flip,0
2026-05-26 13:11:07.971,XAUUSDm,USDJPYm,"XAUUSDm - Buy, USDJPYm - Sell",4520.8,159.244,999.81,1000.04,0.23,No Flip,0
2026-05-26 13:11:08.021,XAUUSDm,USDJPYm,"XAUUSDm - Buy, USDJPYm - Sell",4520.8,159.244,999.81,1000.04,0.23,No Flip,0
2026-05-26 13:11:08.073,XAUUSDm,USDJPYm,"XAUUSDm - Buy, USDJPYm - Sell",4520.917,159.244,999.84,1000.04,0.2,No Flip,0
2026-05-26 13:11:08.123,XAUUSDm,USDJPYm,"XAUUSDm - Buy, USDJPYm - Sell",4520.917,159.244,999.84,1000.04,0.2,No Flip,0
2026-05-26 13:11:08.174,XAUUSDm,USDJPYm,"XAUUSDm - Buy, USDJPYm - Sell",4520.917,159.244,999.84,1000.04,0.2,No Flip,0
2026-05-26 13:11:08.225,XAUUSDm,USDJPYm,"XAUUSDm - Buy, USDJPYm - Sell",4520.917,159.244,999.84,1000.04,0.2,No Flip,0
2026-05-26 13:11:08.275,XAUUSDm,USDJPYm,"XAUUSDm - Buy, USDJPYm - Sell",4520.917,159.244,999.84,1000.04,0.2,No Flip,0
2026-05-26 13:11:08.326,XAUUSDm,USDJPYm,"XAUUSDm - Buy, USDJPYm - Sell",4520.917,159.244,999.84,1000.04,0.2,No Flip,0
2026-05-26 13:11:08.377,XAUUSDm,USDJPYm,"XAUUSDm - Buy, USDJPYm - Sell",4520.917,159.244,999.84,1000.04,0.2,No Flip,0
2026-05-26 13:11:08.427,XAUUSDm,USDJPYm,"XAUUSDm - Buy, USDJPYm - Sell",4520.917,159.244,999.84,1000.04,0.2,No Flip,0
2026-05-26 13:11:08.478,XAUUSDm,USDJPYm,"XAUUSDm - Buy, USDJPYm - Sell",4520.917,159.244,999.84,1000.04,0.2,No Flip,0
2026-05-26 13:11:08.529,XAUUSDm,USDJPYm,"XAUUSDm - Buy, USDJPYm - Sell",4520.917,159.244,999.84,1000.04,0.2,No Flip,0
2026-05-26 13:11:08.579,XAUUSDm,USDJPYm,"XAUUSDm - Buy, USDJPYm - Sell",4520.917,159.244,999.84,1000.04,0.2,No Flip,0
2026-05-26 13:11:08.631,XAUUSDm,USDJPYm,"XAUUSDm - Buy, USDJPYm - Sell",4520.917,159.244,999.84,1000.04,0.2,No Flip,0
2026-05-26 13:11:08.681,XAUUSDm,USDJPYm,"XAUUSDm - Buy, USDJPYm - Sell",4520.917,159.244,999.84,1000.04,0.2,No Flip,0
2026-05-26 13:11:08.732,XAUUSDm,USDJPYm,"XAUUSDm - Buy, USDJPYm - Sell",4520.917,159.244,999.84,1000.04,0.2,No Flip,0
2026-05-26 13:11:08.783,XAUUSDm,USDJPYm,"XAUUSDm - Buy, USDJPYm - Sell",4520.917,159.244,999.84,1000.04,0.2,No Flip,0
2026-05-26 13:11:08.833,XAUUSDm,USDJPYm,"XAUUSDm - Buy, USDJPYm - Sell",4520.917,159.244,999.84,1000.04,0.2,No Flip,0
2026-05-26 13:11:08.884,XAUUSDm,USDJPYm,"XAUUSDm - Buy, USDJPYm - Sell",4520.917,159.244,999.84,1000.04,0.2,No Flip,0
2026-05-26 13:11:08.935,XAUUSDm,USDJPYm,"XAUUSDm - Buy, USDJPYm - Sell",4520.917,159.244,999.84,1000.04,0.2,No Flip,0
2026-05-26 13:11:08.986,XAUUSDm,USDJPYm,"XAUUSDm - Buy, USDJPYm - Sell",4520.917,159.244,999.84,1000.04,0.2,No Flip,0
2026-05-26 13:11:09.037,XAUUSDm,USDJPYm,"XAUUSDm - Buy, USDJPYm - Sell",4520.917,159.244,999.84,1000.04,0.2,No Flip,0
2026-05-26 13:11:09.088,XAUUSDm,USDJPYm,"XAUUSDm - Buy, USDJPYm - Sell",4520.909,159.244,999.83,1000.04,0.2,No Flip,0
2026-05-26 13:11:09.139,XAUUSDm,USDJPYm,"XAUUSDm - Buy, USDJPYm - Sell",4520.909,159.244,999.83,1000.04,0.2,No Flip,0
2026-05-26 13:11:09.189,XAUUSDm,USDJPYm,"XAUUSDm - Buy, USDJPYm - Sell",4520.909,159.244,999.83,1000.04,0.2,No Flip,0
2026-05-26 13:11:09.240,XAUUSDm,USDJPYm,"XAUUSDm - Buy, USDJPYm - Sell",4520.909,159.244,999.83,1000.04,0.2,No Flip,0
2026-05-26 13:11:09.291,XAUUSDm,USDJPYm,"XAUUSDm - Buy, USDJPYm - Sell",4520.909,159.244,999.83,1000.04,0.2,No Flip,0
2026-05-26 13:11:09.342,XAUUSDm,USDJPYm,"XAUUSDm - Buy, USDJPYm - Sell",4520.909,159.244,999.83,1000.04,0.2,No Flip,0
2026-05-26 13:11:09.392,XAUUSDm,USDJPYm,"XAUUSDm - Buy, USDJPYm - Sell",4520.909,159.244,999.83,1000.04,0.2,No Flip,0
2026-05-26 13:11:09.443,XAUUSDm,USDJPYm,"XAUUSDm - Buy, USDJPYm - Sell",4520.982,159.244,999.85,1000.04,0.19,No Flip,0
2026-05-26 13:11:09.494,XAUUSDm,USDJPYm,"XAUUSDm - Buy, USDJPYm - Sell",4520.982,159.244,999.85,1000.04,0.19,No Flip,0
2026-05-26 13:11:09.544,XAUUSDm,USDJPYm,"XAUUSDm - Buy, USDJPYm - Sell",4520.982,159.244,999.85,1000.04,0.19,No Flip,0
2026-05-26 13:11:09.595,XAUUSDm,USDJPYm,"XAUUSDm - Buy, USDJPYm - Sell",4520.926,159.244,999.84,1000.04,0.2,No Flip,0
2026-05-26 13:11:09.645,XAUUSDm,USDJPYm,"XAUUSDm - Buy, USDJPYm - Sell",4520.926,159.244,999.84,1000.04,0.2,No Flip,0
2026-05-26 13:11:09.696,XAUUSDm,USDJPYm,"XAUUSDm - Buy, USDJPYm - Sell",4520.926,159.244,999.84,1000.04,0.2,No Flip,0
2026-05-26 13:11:09.748,XAUUSDm,USDJPYm,"XAUUSDm - Buy, USDJPYm - Sell",4520.926,159.244,999.84,1000.04,0.2,No Flip,0
2026-05-26 13:11:09.799,XAUUSDm,USDJPYm,"XAUUSDm - Buy, USDJPYm - Sell",4520.926,159.244,999.84,1000.04,0.2,No Flip,0
2026-05-26 13:11:09.850,XAUUSDm,USDJPYm,"XAUUSDm - Buy, USDJPYm - Sell",4520.926,159.244,999.84,1000.04,0.2,No Flip,0
2026-05-26 13:11:09.900,XAUUSDm,USDJPYm,"XAUUSDm - Buy, USDJPYm - Sell",4520.985,159.245,999.85,1000.04,0.19,No Flip,0
2026-05-26 13:11:09.951,XAUUSDm,USDJPYm,"XAUUSDm - Buy, USDJPYm - Sell",4520.985,159.245,999.85,1000.04,0.19,No Flip,0
2026-05-26 13:11:10.002,XAUUSDm,USDJPYm,"XAUUSDm - Buy, USDJPYm - Sell",4520.985,159.245,999.85,1000.04,0.19,No Flip,0
2026-05-26 13:11:10.053,XAUUSDm,USDJPYm,"XAUUSDm - Buy, USDJPYm - Sell",4520.985,159.242,999.85,1000.03,0.17,No Flip,0
2026-05-26 13:11:10.104,XAUUSDm,USDJPYm,"XAUUSDm - Buy, USDJPYm - Sell",4520.985,159.242,999.85,1000.03,0.17,No Flip,0
2026-05-26 13:11:10.155,XAUUSDm,USDJPYm,"XAUUSDm - Buy, USDJPYm - Sell",4520.985,159.242,999.85,1000.03,0.17,No Flip,0
2026-05-26 13:11:10.205,XAUUSDm,USDJPYm,"XAUUSDm - Buy, USDJPYm - Sell",4520.985,159.242,999.85,1000.03,0.17,No Flip,0
2026-05-26 13:11:10.256,XAUUSDm,USDJPYm,"XAUUSDm - Buy, USDJPYm - Sell",4520.985,159.242,999.85,1000.03,0.17,No Flip,0
2026-05-26 13:11:10.306,XAUUSDm,USDJPYm,"XAUUSDm - Buy, USDJPYm - Sell",4520.985,159.242,999.85,1000.03,0.17,No Flip,0
2026-05-26 13:11:10.358,XAUUSDm,USDJPYm,"XAUUSDm - Buy, USDJPYm - Sell",4520.985,159.242,999.85,1000.03,0.17,No Flip,0
2026-05-26 13:11:10.409,XAUUSDm,USDJPYm,"XAUUSDm - Buy, USDJPYm - Sell",4520.985,159.242,999.85,1000.03,0.17,No Flip,0
2026-05-26 13:11:10.459,XAUUSDm,USDJPYm,"XAUUSDm - Buy, USDJPYm - Sell",4520.985,159.242,999.85,1000.03,0.17,No Flip,0
2026-05-26 13:11:10.510,XAUUSDm,USDJPYm,"XAUUSDm - Buy, USDJPYm - Sell",4520.985,159.242,999.85,1000.03,0.17,No Flip,0
2026-05-26 13:11:10.561,XAUUSDm,USDJPYm,"XAUUSDm - Buy, USDJPYm - Sell",4520.985,159.242,999.85,1000.03,0.17,No Flip,0
2026-05-26 13:11:10.612,XAUUSDm,USDJPYm,"XAUUSDm - Buy, USDJPYm - Sell",4520.985,159.242,999.85,1000.03,0.17,No Flip,0
2026-05-26 13:11:10.663,XAUUSDm,USDJPYm,"XAUUSDm - Buy, USDJPYm - Sell",4520.925,159.242,999.84,1000.03,0.19,No Flip,0
2026-05-26 13:11:10.714,XAUUSDm,USDJPYm,"XAUUSDm - Buy, USDJPYm - Sell",4520.925,159.242,999.84,1000.03,0.19,No Flip,0
2026-05-26 13:11:10.764,XAUUSDm,USDJPYm,"XAUUSDm - Buy, USDJPYm - Sell",4520.8,159.242,999.81,1000.03,0.22,No Flip,0
2026-05-26 13:11:10.815,XAUUSDm,USDJPYm,"XAUUSDm - Buy, USDJPYm - Sell",4520.8,159.242,999.81,1000.03,0.22,No Flip,0
2026-05-26 13:11:10.865,XAUUSDm,USDJPYm,"XAUUSDm - Buy, USDJPYm - Sell",4520.8,159.242,999.81,1000.03,0.22,No Flip,0
2026-05-26 13:11:10.916,XAUUSDm,USDJPYm,"XAUUSDm - Buy, USDJPYm - Sell",4520.8,159.242,999.81,1000.03,0.22,No Flip,0
2026-05-26 13:11:10.967,XAUUSDm,USDJPYm,"XAUUSDm - Buy, USDJPYm - Sell",4520.8,159.242,999.81,1000.03,0.22,No Flip,0
2026-05-26 13:11:11.018,XAUUSDm,USDJPYm,"XAUUSDm - Buy, USDJPYm - Sell",4520.8,159.242,999.81,1000.03,0.22,No Flip,0
2026-05-26 13:11:11.068,XAUUSDm,USDJPYm,"XAUUSDm - Buy, USDJPYm - Sell",4520.8,159.241,999.81,1000.02,0.21,No Flip,0
2026-05-26 13:11:11.119,XAUUSDm,USDJPYm,"XAUUSDm - Buy, USDJPYm - Sell",4520.8,159.241,999.81,1000.02,0.21,No Flip,0
2026-05-26 13:11:11.169,XAUUSDm,USDJPYm,"XAUUSDm - Buy, USDJPYm - Sell",4520.582,159.241,999.76,1000.02,0.26,No Flip,0
2026-05-26 13:11:11.220,XAUUSDm,USDJPYm,"XAUUSDm - Buy, USDJPYm - Sell",4520.582,159.241,999.76,1000.02,0.26,No Flip,0
2026-05-26 13:11:11.270,XAUUSDm,USDJPYm,"XAUUSDm - Buy, USDJPYm - Sell",4520.582,159.241,999.76,1000.02,0.26,No Flip,0
2026-05-26 13:11:11.321,XAUUSDm,USDJPYm,"XAUUSDm - Buy, USDJPYm - Sell",4520.582,159.241,999.76,1000.02,0.26,No Flip,0
2026-05-26 13:11:11.371,XAUUSDm,USDJPYm,"XAUUSDm - Buy, USDJPYm - Sell",4520.582,159.241,999.76,1000.02,0.26,No Flip,0
2026-05-26 13:11:11.422,XAUUSDm,USDJPYm,"XAUUSDm - Buy, USDJPYm - Sell",4520.582,159.241,999.76,1000.02,0.26,No Flip,0
2026-05-26 13:11:11.472,XAUUSDm,USDJPYm,"XAUUSDm - Buy, USDJPYm - Sell",4520.582,159.241,999.76,1000.02,0.26,No Flip,0
2026-05-26 13:11:11.523,XAUUSDm,USDJPYm,"XAUUSDm - Buy, USDJPYm - Sell",4520.582,159.241,999.76,1000.02,0.26,No Flip,0
2026-05-26 13:11:11.573,XAUUSDm,USDJPYm,"XAUUSDm - Buy, USDJPYm - Sell",4520.582,159.241,999.76,1000.02,0.26,No Flip,0
2026-05-26 13:11:11.624,XAUUSDm,USDJPYm,"XAUUSDm - Buy, USDJPYm - Sell",4520.582,159.241,999.76,1000.02,0.26,No Flip,0
2026-05-26 13:11:11.674,XAUUSDm,USDJPYm,"XAUUSDm - Buy, USDJPYm - Sell",4520.582,159.241,999.76,1000.02,0.26,No Flip,0
